moisture,soil_temp,air_temp,humidity,solar,n,p,k,ph,decision
27.0,29.0,33.0,65.0,910.0,64.0,51.0,73.0,6.4,IRRIGATE
38.09,36.87,35.03,66.91,256.02,46.98,18.13,175.91,6.76,WAIT
63.11,15.47,41.22,83.27,312.34,52.27,35.68,74.76,6.56,DO_NOTHING
42.4,21.7,31.91,34.76,392.14,90.1,73.85,161.33,5.72,DO_NOTHING
48.57,28.63,17.21,67.53,270.52,28.34,142.84,193.81,7.3,FERTIGATE
32.85,17.25,33.79,55.81,222.04,116.51,14.81,183.68,5.87,IRRIGATE
59.69,22.17,29.52,63.27,284.85,213.76,118.52,189.11,7.53,DO_NOTHING
54.84,36.2,18.3,38.72,145.23,81.69,64.41,68.84,7.35,DO_NOTHING
36.76,21.46,30.11,34.86,902.2,30.28,148.16,159.0,5.72,WAIT
10.41,33.76,34.38,76.03,871.27,30.18,60.19,40.86,7.44,IRRIGATE
56.75,22.61,17.65,46.77,425.18,164.57,99.26,179.7,6.43,DO_NOTHING
18.97,31.4,35.78,64.29,870.97,116.23,83.18,96.96,5.27,IRRIGATE
18.09,15.72,32.55,47.0,608.57,201.05,44.9,93.87,7.16,IRRIGATE
27.16,16.77,23.53,36.29,1029.7,180.66,98.68,176.86,7.29,IRRIGATE
23.99,35.53,30.02,81.52,996.09,80.19,25.41,61.03,6.31,IRRIGATE
71.35,34.8,16.18,60.75,517.41,60.53,26.78,80.77,7.65,WAIT
34.24,26.93,34.28,50.45,1071.78,212.3,45.25,109.5,5.98,IRRIGATE
31.36,15.85,31.85,60.19,151.48,72.12,137.16,63.12,5.58,IRRIGATE
46.71,37.67,22.29,72.05,861.62,63.72,111.95,86.2,6.84,DO_NOTHING
57.51,27.32,18.35,83.47,420.78,53.24,15.71,126.36,6.96,FERTIGATE
11.24,26.78,21.89,70.16,274.37,156.64,64.14,188.61,5.56,IRRIGATE
35.58,17.61,40.04,86.41,357.94,150.3,124.41,119.94,6.58,DO_NOTHING
28.14,17.14,39.33,88.03,733.1,84.5,58.89,150.67,7.53,IRRIGATE
76.53,32.94,32.69,30.89,261.63,199.2,94.9,21.66,5.46,WAIT
59.76,15.12,20.18,63.41,791.9,148.65,41.4,148.19,5.82,DO_NOTHING
34.4,32.17,32.89,84.45,757.61,131.5,23.11,86.19,5.89,IRRIGATE
28.3,37.38,26.22,87.44,731.14,177.94,80.37,123.84,6.48,IRRIGATE
24.64,31.62,23.3,26.7,745.47,51.31,141.66,191.71,7.58,IRRIGATE
37.76,15.36,40.14,54.97,1066.65,212.54,129.42,73.0,6.2,DO_NOTHING
73.84,22.29,20.41,63.98,1036.15,157.69,89.81,37.49,6.8,WAIT
84.25,18.22,29.48,86.42,840.77,157.89,108.35,84.71,5.96,WAIT
70.7,33.63,38.54,88.93,611.34,117.81,121.76,136.99,7.03,WAIT
69.68,35.47,24.79,51.29,193.98,133.55,15.03,103.81,6.61,WAIT
31.49,28.59,16.79,27.61,922.6,88.84,27.79,114.0,7.2,IRRIGATE
26.19,29.33,18.22,28.62,631.35,125.83,99.24,150.7,7.74,IRRIGATE
48.72,22.43,36.67,43.96,538.97,31.08,13.55,193.28,7.37,WAIT
62.2,24.41,20.51,35.95,350.24,127.59,110.04,138.84,5.93,DO_NOTHING
81.61,31.97,30.41,67.82,519.6,65.78,59.84,156.41,5.24,WAIT
18.71,16.06,17.06,84.88,803.66,112.21,23.7,108.49,6.43,IRRIGATE
22.99,24.98,26.36,68.11,735.09,24.29,62.45,132.65,6.51,IRRIGATE
74.24,30.15,20.24,29.94,742.42,20.43,92.01,189.24,6.7,WAIT
39.11,29.8,27.91,63.19,1041.46,94.15,144.57,182.96,5.71,DO_NOTHING
15.2,17.32,16.47,31.61,783.01,29.59,54.66,172.08,5.26,IRRIGATE
71.09,21.48,19.07,73.77,728.94,194.88,112.91,164.63,5.93,WAIT
23.31,32.26,36.98,94.34,512.62,91.26,118.7,81.34,7.62,IRRIGATE
74.38,24.87,35.52,77.82,203.12,200.02,80.74,168.76,6.03,WAIT
77.16,23.95,16.28,88.38,191.29,80.46,143.01,191.11,6.69,WAIT
57.39,25.31,23.62,48.01,772.52,169.24,120.82,162.13,5.44,DO_NOTHING
47.08,16.32,30.29,55.91,987.7,86.94,26.39,45.74,7.18,WAIT
56.37,17.33,18.19,74.07,172.76,183.48,108.87,34.64,5.42,WAIT
84.0,23.61,25.64,81.9,1047.25,217.13,115.47,87.73,5.42,WAIT
68.29,27.84,27.03,88.44,211.2,115.99,11.59,104.36,5.35,WAIT
18.91,17.7,32.88,77.22,683.37,212.25,62.48,71.43,7.46,IRRIGATE
26.77,37.15,16.32,92.89,143.16,197.68,83.88,198.73,5.39,IRRIGATE
51.54,37.29,29.6,69.06,795.75,108.18,97.86,125.18,7.54,DO_NOTHING
13.41,21.46,40.71,87.32,555.66,142.13,48.83,53.86,6.41,IRRIGATE
36.5,28.42,18.02,93.21,1086.21,158.12,85.05,75.71,7.32,DO_NOTHING
61.35,18.74,39.68,82.58,1049.8,163.77,95.88,95.28,7.63,DO_NOTHING
74.95,16.04,16.69,51.35,910.55,217.39,31.06,126.94,6.19,WAIT
82.74,34.37,37.8,57.81,514.82,71.05,17.89,175.65,7.31,WAIT
84.98,37.92,30.44,78.83,1044.77,189.18,44.63,101.1,5.54,WAIT
81.55,28.94,21.94,72.02,718.13,88.42,25.9,140.88,6.55,WAIT
67.92,26.96,38.16,63.63,660.94,194.71,66.49,44.12,5.27,DO_NOTHING
66.64,29.27,34.31,39.91,236.37,17.98,59.08,126.19,6.22,WAIT
42.81,35.8,25.05,60.98,883.65,96.29,97.09,175.23,7.67,DO_NOTHING
21.03,36.31,28.8,43.08,559.14,215.91,78.97,79.18,6.85,IRRIGATE
28.01,16.74,19.35,33.96,251.9,43.46,99.72,52.74,6.1,IRRIGATE
77.26,25.9,33.36,37.06,292.29,23.38,33.65,70.15,5.66,WAIT
16.65,17.77,27.98,39.44,464.27,118.2,106.66,27.08,7.28,IRRIGATE
57.09,16.88,38.71,89.46,161.08,71.76,122.87,154.69,5.68,DO_NOTHING
25.7,23.52,28.6,68.28,468.91,109.82,114.65,26.6,5.86,IRRIGATE
63.5,35.59,29.3,62.25,207.17,106.72,84.57,63.64,5.9,DO_NOTHING
38.3,15.46,24.37,39.8,427.5,39.55,134.67,126.85,6.97,WAIT
69.19,26.46,18.26,62.6,686.84,167.82,70.43,42.96,5.94,WAIT
37.23,29.86,30.84,49.93,1086.52,139.18,43.21,38.32,5.6,WAIT
28.45,18.7,20.85,44.96,273.37,198.84,21.23,114.41,6.27,IRRIGATE
83.68,17.58,26.34,92.86,965.51,182.5,46.11,50.76,6.94,WAIT
79.7,27.81,30.86,44.6,869.49,53.34,55.32,96.58,6.52,WAIT
28.18,17.64,31.88,45.2,681.24,46.64,77.36,115.87,5.33,IRRIGATE
35.25,18.09,17.65,94.3,422.35,181.02,45.65,142.67,7.18,DO_NOTHING
54.67,25.85,26.71,49.42,1029.53,185.28,145.1,42.37,7.1,DO_NOTHING
80.38,19.17,17.73,76.88,674.47,187.57,29.57,163.15,5.72,WAIT
22.27,18.78,37.18,71.56,623.07,88.56,132.81,90.64,7.32,IRRIGATE
42.94,23.67,28.03,46.1,847.61,118.06,42.51,181.92,6.2,DO_NOTHING
50.77,35.85,32.23,33.18,1039.83,143.68,56.89,45.07,7.26,DO_NOTHING
56.51,27.27,39.24,80.2,251.67,78.9,44.79,153.91,5.29,DO_NOTHING
52.74,32.54,38.8,48.95,921.26,37.68,128.5,42.95,6.23,WAIT
69.8,18.45,21.96,75.56,820.04,146.44,107.15,117.69,5.85,WAIT
35.93,19.18,39.62,65.84,500.85,109.71,142.62,47.6,6.72,DO_NOTHING
47.94,29.06,16.47,86.05,1032.12,130.85,107.53,186.05,7.04,DO_NOTHING
21.44,28.25,31.77,54.69,836.44,206.55,139.58,101.15,5.49,IRRIGATE
83.86,34.29,19.24,89.46,969.9,121.36,92.78,91.82,5.34,WAIT
35.14,33.47,16.12,48.34,498.17,125.17,138.78,82.34,6.1,DO_NOTHING
65.31,25.4,21.84,56.67,240.86,51.16,79.77,95.41,7.58,DO_NOTHING
37.18,28.35,32.44,25.92,763.54,51.5,144.55,46.76,6.28,DO_NOTHING
16.4,37.93,29.06,66.68,167.08,168.74,39.39,181.65,5.73,IRRIGATE
24.3,15.84,28.27,64.54,165.71,173.98,73.46,114.39,6.35,IRRIGATE
40.06,27.87,20.04,37.73,961.79,208.95,62.26,68.73,6.87,DO_NOTHING
40.66,15.58,20.06,75.12,758.92,20.55,41.08,61.59,6.95,FERTIGATE
11.48,17.39,36.8,37.5,752.75,63.83,23.92,63.77,7.08,IRRIGATE
74.18,34.1,26.33,71.77,304.98,75.1,135.49,22.34,5.42,WAIT
25.59,15.61,20.72,65.81,521.42,198.0,124.44,81.53,5.87,IRRIGATE
38.48,28.58,22.97,68.69,509.41,128.17,71.06,73.0,7.67,DO_NOTHING
67.27,18.22,38.58,59.12,994.55,178.97,69.53,24.04,5.9,WAIT
50.62,29.57,22.71,34.75,934.93,216.8,83.6,50.9,5.91,DO_NOTHING
11.38,36.03,19.06,65.36,374.06,128.61,101.2,169.35,5.74,IRRIGATE
10.82,18.15,39.4,86.17,697.41,138.11,103.11,51.57,7.58,IRRIGATE
41.41,23.81,29.49,28.29,266.28,166.3,21.59,128.57,5.84,WAIT
39.2,21.64,25.25,75.33,397.12,131.11,76.65,139.46,7.64,DO_NOTHING
64.94,19.94,16.81,43.36,695.08,25.54,79.49,127.43,6.07,FERTIGATE
67.82,17.45,17.95,75.97,595.49,156.12,70.88,64.35,7.33,DO_NOTHING
69.96,30.98,23.08,66.32,460.97,33.77,138.42,44.63,7.67,WAIT
43.45,19.26,30.09,86.11,832.22,180.35,102.23,144.61,7.41,DO_NOTHING
28.73,26.26,21.75,94.14,1044.06,23.08,108.78,186.54,5.67,IRRIGATE
52.6,36.06,16.88,73.82,397.35,204.5,145.95,189.97,6.43,DO_NOTHING
74.65,34.42,24.3,83.02,137.01,137.24,42.2,41.7,5.4,WAIT
62.22,22.82,34.84,29.57,415.29,125.6,120.7,77.38,6.83,DO_NOTHING
76.45,29.16,22.06,26.71,970.1,19.36,132.46,115.21,7.64,WAIT
69.91,37.95,25.12,78.7,501.93,113.37,97.85,177.26,7.76,WAIT
67.62,24.61,26.96,76.63,338.78,37.65,59.65,71.7,5.97,FERTIGATE
27.52,15.97,16.46,94.14,527.77,93.79,105.15,59.29,7.67,IRRIGATE
68.98,17.06,26.86,86.54,1044.73,110.82,95.88,50.07,7.78,WAIT
27.38,36.68,32.89,67.54,612.69,62.29,34.71,59.69,5.68,IRRIGATE
68.47,23.05,17.5,92.84,983.79,205.19,149.29,51.3,6.23,WAIT
66.87,31.01,20.0,82.11,324.44,60.88,85.18,126.73,6.71,DO_NOTHING
16.86,35.18,22.91,34.07,988.75,210.91,130.7,165.71,6.9,IRRIGATE
51.31,17.0,26.62,51.09,359.75,163.3,79.42,34.59,5.77,FERTIGATE
61.24,16.75,38.13,59.66,580.59,136.44,125.46,82.61,6.96,DO_NOTHING
52.43,21.14,38.84,80.82,758.45,189.37,131.42,147.51,7.38,DO_NOTHING
62.31,30.64,32.08,77.69,258.61,195.58,132.06,25.26,7.35,FERTIGATE
19.67,22.71,35.33,36.25,917.97,185.59,81.05,21.15,5.95,IRRIGATE
56.27,37.57,32.43,43.19,734.01,125.7,119.18,39.26,7.18,FERTIGATE
50.59,37.15,24.89,69.28,1032.03,36.01,141.21,143.82,5.38,WAIT
32.57,31.29,17.75,65.75,445.88,142.29,16.4,176.88,7.73,IRRIGATE
82.67,32.24,19.38,78.08,124.59,19.54,55.31,107.96,7.2,WAIT
61.25,25.26,23.11,94.8,526.18,107.53,32.91,163.07,7.0,DO_NOTHING
26.56,16.89,33.69,70.82,373.26,209.93,31.15,97.82,7.65,IRRIGATE
41.48,29.69,26.34,44.2,1083.98,98.91,135.17,61.39,5.75,DO_NOTHING
12.34,29.99,25.58,85.51,573.21,213.48,35.97,176.35,7.22,IRRIGATE
67.82,34.43,35.79,68.84,231.24,21.67,138.92,131.0,7.27,WAIT
46.11,17.7,19.25,72.99,530.31,56.11,78.82,31.56,6.71,FERTIGATE
30.17,33.34,24.07,56.87,111.62,29.85,64.95,106.39,6.76,IRRIGATE
31.87,30.98,38.36,79.59,139.62,113.5,24.69,63.57,7.77,IRRIGATE
20.69,26.47,32.07,74.17,659.65,17.0,55.7,113.19,5.43,IRRIGATE
36.3,15.76,18.04,52.78,232.72,131.35,106.53,164.11,5.72,DO_NOTHING
22.56,17.41,32.55,74.45,131.59,206.92,17.28,117.43,7.04,IRRIGATE
75.32,31.42,36.84,48.76,914.83,31.42,135.27,118.57,7.32,WAIT
43.92,29.8,29.69,76.21,181.63,27.37,44.59,48.72,7.47,FERTIGATE
26.44,37.44,24.76,37.75,889.7,150.04,79.75,119.97,7.07,IRRIGATE
27.13,37.92,41.34,70.52,299.54,154.45,20.11,25.52,5.87,IRRIGATE
44.7,34.97,34.91,76.99,525.49,85.92,61.95,197.78,5.3,DO_NOTHING
75.03,28.31,27.4,75.77,586.67,194.05,136.1,95.91,5.92,WAIT
54.43,35.98,21.48,68.61,731.56,165.29,28.42,148.85,7.56,WAIT
23.48,20.46,41.26,37.67,954.39,115.92,44.61,176.73,6.36,IRRIGATE
48.61,23.26,31.42,36.45,491.08,213.73,46.14,138.21,6.05,DO_NOTHING
68.01,18.01,41.22,56.77,336.05,30.07,33.77,113.56,6.08,WAIT
72.17,24.91,22.47,68.2,806.78,49.24,33.47,26.6,7.11,WAIT
59.79,25.92,37.95,81.4,685.35,193.0,38.82,40.15,5.9,DO_NOTHING
14.28,27.22,40.35,27.75,222.11,107.7,140.74,76.91,6.52,IRRIGATE
13.12,18.41,41.65,92.56,104.94,210.12,99.48,176.23,6.38,IRRIGATE
48.67,26.24,33.34,34.78,129.97,78.13,108.66,56.33,6.95,DO_NOTHING
82.74,17.16,33.49,56.06,968.14,51.32,106.97,170.86,7.66,WAIT
61.24,26.44,32.06,85.82,670.61,21.23,140.33,144.11,6.96,FERTIGATE
26.18,30.15,26.24,70.59,206.59,149.86,149.92,28.68,7.74,IRRIGATE
40.52,35.03,36.34,64.69,838.45,195.1,66.58,78.87,6.94,DO_NOTHING
70.59,32.53,36.74,55.49,917.83,39.64,86.23,21.04,6.04,WAIT
37.48,24.11,34.08,52.2,548.69,63.7,62.26,60.91,5.39,DO_NOTHING
55.26,30.37,32.11,57.44,479.79,191.98,82.67,106.25,5.27,DO_NOTHING
35.59,23.74,26.37,65.61,633.6,139.62,117.08,166.34,7.07,DO_NOTHING
81.66,15.42,21.09,25.53,747.47,199.1,44.09,186.87,5.36,WAIT
80.08,23.09,18.64,59.01,356.78,73.4,53.02,164.54,6.6,WAIT
33.35,29.04,34.62,44.08,513.55,39.99,35.36,142.6,5.67,IRRIGATE
49.39,31.31,18.78,64.71,356.56,212.4,77.7,165.08,6.63,DO_NOTHING
13.26,29.56,40.74,67.11,919.19,196.26,41.93,58.17,6.79,IRRIGATE
40.83,34.32,39.4,49.74,336.87,175.01,48.47,168.07,6.3,DO_NOTHING
60.07,17.2,32.22,56.62,686.61,49.44,113.16,175.3,5.76,FERTIGATE
17.18,15.54,32.69,67.5,646.7,62.55,64.73,127.01,6.49,IRRIGATE
84.08,18.14,34.07,53.3,528.2,162.11,106.94,198.43,5.53,WAIT
17.81,31.66,31.04,44.19,179.42,32.56,135.19,54.54,6.04,IRRIGATE
27.0,23.16,17.81,61.33,167.61,179.07,42.72,117.2,7.49,IRRIGATE
58.82,27.26,24.43,48.31,769.49,218.8,102.66,120.4,7.1,DO_NOTHING
44.89,16.38,30.62,92.03,275.3,156.45,38.13,116.45,5.45,DO_NOTHING
43.78,32.39,25.04,71.54,895.45,205.07,42.85,91.88,5.6,DO_NOTHING
84.44,36.32,30.04,83.94,620.96,142.84,22.48,155.95,5.53,WAIT
71.96,32.99,34.43,27.53,403.13,68.94,60.42,35.78,7.64,WAIT
51.54,22.03,26.32,56.3,700.59,120.71,138.71,109.45,7.78,DO_NOTHING
73.86,19.8,40.2,33.15,917.45,93.03,132.92,176.25,7.3,WAIT
69.25,22.01,18.1,53.21,273.52,157.46,58.45,195.61,6.87,WAIT
71.69,18.05,38.41,89.59,587.06,139.28,117.07,51.47,6.51,WAIT
39.9,18.37,25.56,29.77,125.81,42.71,144.84,118.92,7.71,WAIT
42.44,22.17,29.16,55.77,205.66,146.37,40.25,131.53,6.89,DO_NOTHING
21.4,16.41,36.3,57.19,158.16,218.95,18.09,145.11,7.76,IRRIGATE
27.94,18.27,19.16,46.23,201.05,156.89,18.72,111.7,7.79,IRRIGATE
71.05,29.15,23.96,68.67,627.04,102.35,28.3,179.59,6.37,WAIT
24.6,23.46,26.77,82.93,833.61,172.71,11.54,94.91,6.45,IRRIGATE
11.44,20.98,35.77,34.6,635.31,59.12,11.7,63.42,7.74,IRRIGATE
70.12,37.07,28.68,32.68,647.96,108.15,128.21,37.65,6.47,WAIT
21.25,22.47,35.17,58.32,475.89,95.87,74.32,161.3,7.52,IRRIGATE
81.65,33.1,24.2,73.17,537.6,67.21,127.72,26.92,7.54,WAIT
44.61,29.66,33.14,87.66,736.67,140.86,19.33,113.31,5.59,FERTIGATE
65.31,26.78,33.69,27.92,184.79,161.85,20.09,32.83,5.23,WAIT
81.74,31.96,25.18,45.76,449.7,173.8,102.59,53.34,5.65,WAIT
17.38,30.19,35.87,43.55,120.94,31.85,145.5,73.18,7.2,IRRIGATE
56.85,23.78,21.35,33.5,715.01,173.8,100.15,115.45,5.31,DO_NOTHING
82.64,33.37,23.61,93.6,701.88,134.4,114.73,166.12,6.91,WAIT
19.61,22.78,40.13,40.72,472.17,103.58,71.52,130.33,7.65,IRRIGATE
28.05,17.79,21.13,87.08,745.81,73.61,124.23,175.05,7.4,IRRIGATE
78.92,20.8,35.63,57.24,942.0,164.34,118.7,138.11,5.66,WAIT
50.88,37.65,40.37,28.02,264.81,42.0,111.64,167.2,5.76,WAIT
47.94,34.34,35.05,62.96,690.35,119.21,51.66,121.7,6.99,DO_NOTHING
75.5,29.63,35.79,36.21,561.56,16.91,44.54,150.76,7.78,WAIT
17.44,24.23,36.8,39.28,655.08,165.28,96.24,53.84,6.12,IRRIGATE
68.78,27.75,16.14,78.27,135.31,167.88,38.35,192.45,6.16,WAIT
34.52,18.42,23.95,86.37,1096.33,90.5,72.81,149.97,7.5,IRRIGATE
54.48,24.01,26.73,73.69,103.22,142.02,59.77,162.96,5.44,DO_NOTHING
54.12,26.06,32.7,29.54,679.98,130.1,88.49,128.63,6.96,DO_NOTHING
70.37,21.21,37.45,59.88,177.06,27.0,56.79,161.28,7.04,WAIT
69.15,26.9,27.45,35.32,428.19,103.97,22.4,59.71,6.76,WAIT
65.17,37.96,40.26,69.98,521.25,145.42,119.99,41.3,6.27,DO_NOTHING
72.99,23.83,30.87,66.14,284.48,89.26,56.83,24.72,5.26,WAIT
72.38,21.28,29.47,45.91,1040.68,68.16,70.15,177.09,7.39,WAIT
23.96,33.46,27.91,58.81,233.48,31.52,111.91,109.36,6.34,IRRIGATE
64.71,32.61,20.13,67.72,235.35,169.03,101.97,192.19,5.38,DO_NOTHING
14.28,21.49,22.8,42.29,1006.25,66.16,48.07,156.69,6.37,IRRIGATE
68.25,16.5,28.68,27.35,162.65,200.82,29.49,115.84,6.27,WAIT
36.05,35.7,16.57,71.47,1063.39,129.83,141.16,29.41,6.29,WAIT
29.51,31.81,41.51,42.96,754.17,55.61,89.15,103.51,7.73,IRRIGATE
55.64,23.04,18.97,35.59,325.32,66.45,129.09,121.02,6.56,DO_NOTHING
18.61,34.78,34.79,29.74,807.84,126.43,21.44,102.49,6.46,IRRIGATE
22.43,36.75,38.1,71.83,562.3,99.41,101.14,118.18,5.36,IRRIGATE
48.44,33.55,27.94,28.64,886.28,56.28,46.21,49.65,6.06,DO_NOTHING
66.76,26.95,21.33,86.45,979.58,193.47,43.43,101.22,7.76,DO_NOTHING
67.9,15.62,17.7,57.48,1009.22,125.43,79.69,38.99,6.91,WAIT
71.66,23.75,36.17,92.51,303.77,122.28,50.2,162.71,6.7,WAIT
57.59,33.35,26.3,89.06,633.03,47.38,107.43,162.79,6.02,FERTIGATE
74.29,35.84,23.2,93.85,240.71,56.41,35.79,180.92,6.9,WAIT
21.41,25.13,32.0,30.84,982.42,179.74,80.73,194.08,6.29,IRRIGATE
83.81,30.36,32.5,36.62,981.93,102.64,32.71,22.27,6.66,WAIT
49.55,31.55,39.15,30.56,831.5,53.42,130.14,167.43,6.61,DO_NOTHING
63.27,22.23,28.25,82.51,559.27,88.35,79.19,169.08,6.07,DO_NOTHING
23.03,31.38,37.48,32.04,339.87,44.1,58.71,101.06,7.15,IRRIGATE
58.84,29.28,25.16,83.9,571.29,215.72,98.78,42.73,6.96,DO_NOTHING
34.38,30.79,17.81,37.24,955.74,61.57,127.19,70.27,6.87,IRRIGATE
62.06,26.79,23.94,39.89,133.19,77.31,101.44,188.89,7.47,DO_NOTHING
67.45,33.13,33.29,43.22,1007.2,152.5,88.46,39.98,6.36,WAIT
44.53,34.88,30.21,51.63,1076.8,37.7,69.16,27.56,7.12,WAIT
78.86,21.44,38.32,45.46,1010.77,169.56,122.69,23.24,7.7,WAIT
64.5,22.01,37.56,44.71,972.75,38.08,108.52,117.33,5.45,WAIT
28.14,15.29,28.19,46.09,698.36,75.93,51.99,153.77,5.33,IRRIGATE
77.72,34.6,33.36,66.53,992.3,52.99,21.06,63.11,7.27,WAIT
12.6,28.4,41.88,84.9,621.45,28.05,126.39,127.82,5.5,IRRIGATE
17.04,35.92,33.4,83.05,978.98,132.21,82.44,97.48,6.02,IRRIGATE
42.59,32.8,31.65,87.48,543.38,139.45,98.38,126.51,7.03,DO_NOTHING
27.81,26.78,18.71,51.92,587.67,148.71,143.07,128.12,7.13,IRRIGATE
47.97,29.58,17.84,42.81,461.85,111.86,16.39,45.2,5.92,FERTIGATE
82.86,22.62,28.53,38.73,710.78,72.54,38.98,112.98,5.21,WAIT
10.57,20.04,16.95,32.56,438.86,179.53,90.09,112.28,5.96,IRRIGATE
79.88,24.13,18.26,68.19,213.84,85.77,81.04,177.36,6.48,WAIT
62.67,37.83,19.42,44.23,494.58,101.47,67.54,183.37,7.06,DO_NOTHING
55.59,22.12,37.42,91.85,921.2,15.32,99.1,29.2,5.87,WAIT
14.46,28.89,33.85,33.01,483.84,108.53,61.67,41.78,6.29,IRRIGATE
66.34,16.63,18.08,49.83,1041.73,152.06,105.01,85.15,6.74,DO_NOTHING
10.76,29.63,39.75,67.88,973.7,163.41,26.88,182.44,5.37,IRRIGATE
50.05,18.27,16.3,54.54,395.04,114.63,90.81,27.87,5.52,FERTIGATE
51.9,22.89,34.96,70.66,945.6,156.96,70.19,141.13,5.92,DO_NOTHING
32.97,33.15,27.61,80.89,922.42,190.8,138.33,97.58,6.03,IRRIGATE
53.66,23.54,31.63,74.39,788.41,91.78,33.36,97.5,5.57,DO_NOTHING
76.76,22.96,20.02,26.78,745.82,145.56,57.68,32.91,6.27,WAIT
33.34,30.57,31.75,50.52,317.89,217.55,73.56,143.89,5.57,IRRIGATE
46.42,15.63,29.14,92.48,484.21,22.99,14.33,89.84,5.62,FERTIGATE
11.75,32.39,27.92,45.25,1000.08,38.81,143.83,76.51,7.51,IRRIGATE
55.22,34.01,41.58,45.19,1061.14,94.84,63.97,81.27,6.61,DO_NOTHING
21.56,27.74,30.08,78.33,933.65,105.29,52.33,66.68,5.71,IRRIGATE
14.32,22.88,23.03,92.65,657.71,86.19,91.27,45.06,6.35,IRRIGATE
56.97,26.24,26.45,94.57,980.31,142.8,89.71,131.72,5.72,DO_NOTHING
39.64,15.91,28.36,63.01,327.75,212.63,137.32,149.99,6.59,DO_NOTHING
75.25,18.01,36.55,33.74,894.21,71.53,132.79,189.93,5.59,WAIT
44.7,37.56,28.57,85.45,688.73,91.94,50.01,56.58,7.18,DO_NOTHING
38.99,26.76,28.8,65.41,965.58,216.05,67.06,168.95,7.19,DO_NOTHING
53.01,36.99,21.21,32.65,953.96,105.03,128.58,180.76,5.36,DO_NOTHING
76.26,25.31,29.27,68.86,1026.38,18.92,76.76,143.79,7.08,WAIT
61.94,18.09,23.78,50.11,904.44,72.15,39.5,192.34,5.22,DO_NOTHING
84.84,30.57,37.54,45.62,114.32,166.26,126.78,153.29,5.57,WAIT
66.51,32.69,33.12,78.63,945.92,140.79,22.4,107.77,5.4,WAIT
40.57,24.36,17.72,49.42,211.0,180.69,142.68,33.02,7.68,WAIT
49.19,21.89,18.0,60.04,894.52,159.95,17.03,33.12,6.25,FERTIGATE
32.15,20.34,23.31,81.24,1029.23,98.05,136.86,77.87,6.44,IRRIGATE
26.95,29.73,41.45,67.24,457.81,147.8,27.21,179.96,6.51,IRRIGATE
43.7,28.47,32.24,30.02,782.62,64.6,109.95,168.06,7.29,DO_NOTHING
51.44,26.96,19.71,79.27,371.41,116.82,49.8,44.09,6.84,DO_NOTHING
14.07,32.22,24.26,25.01,611.13,24.6,48.66,147.26,5.36,IRRIGATE
72.95,15.09,22.42,76.86,416.27,35.89,60.43,68.67,7.39,WAIT
33.5,33.15,39.19,55.37,1009.94,92.35,144.97,36.07,6.99,IRRIGATE
47.04,23.92,32.45,74.27,104.36,49.23,109.83,139.95,7.71,WAIT
67.08,36.87,34.27,45.86,205.36,175.27,100.18,28.67,6.14,WAIT
81.76,26.51,27.25,57.04,308.88,90.58,61.77,29.42,7.2,WAIT
41.24,33.91,38.11,39.84,757.35,111.82,133.22,58.83,6.96,DO_NOTHING
55.58,21.79,19.55,70.61,838.6,79.7,100.28,91.12,7.05,DO_NOTHING
24.94,35.47,23.47,50.75,158.09,37.86,82.22,68.17,7.37,IRRIGATE
11.1,23.72,24.77,26.35,224.37,99.8,79.0,92.77,6.58,IRRIGATE
54.63,15.23,28.07,92.44,619.03,153.9,53.66,159.32,7.21,DO_NOTHING
49.1,37.45,19.26,26.19,870.16,180.47,26.83,67.8,5.25,WAIT
32.0,32.78,29.47,49.37,471.74,15.28,51.97,136.36,7.73,IRRIGATE
73.53,15.54,39.36,79.82,880.38,108.89,65.72,74.52,5.37,WAIT
27.12,20.67,28.59,77.32,573.81,26.86,144.09,189.69,7.24,IRRIGATE
84.35,27.52,41.03,30.29,465.68,61.2,37.42,45.34,6.82,WAIT
68.6,28.3,19.82,81.78,735.95,94.57,104.38,66.78,6.1,WAIT
78.81,21.68,28.22,87.31,807.72,27.75,30.62,21.41,6.84,WAIT
43.58,18.09,40.91,62.08,341.89,117.62,105.15,33.72,5.91,WAIT
70.52,25.57,30.21,55.3,143.9,48.98,72.38,57.65,5.33,WAIT
73.27,37.57,36.62,84.76,341.98,211.93,37.57,191.26,7.79,WAIT
63.38,37.57,30.81,43.17,537.0,136.68,20.23,132.02,7.75,WAIT
24.26,33.23,39.61,91.06,1060.14,121.9,146.82,156.32,5.62,IRRIGATE
45.77,31.52,22.43,69.84,766.6,48.35,89.11,158.89,6.5,FERTIGATE
10.91,15.21,25.28,89.83,328.68,145.04,41.09,77.9,7.4,IRRIGATE
64.66,17.19,27.15,27.04,580.89,150.8,26.59,72.0,6.23,WAIT
78.96,37.84,17.17,78.27,471.72,95.45,115.6,185.32,7.67,WAIT
53.28,23.21,36.48,42.57,664.07,88.51,101.93,63.27,5.7,DO_NOTHING
78.87,17.34,29.15,40.46,138.93,22.38,34.53,176.02,5.93,WAIT
81.28,28.38,27.35,65.61,616.7,170.55,49.55,83.55,7.52,WAIT
80.98,35.53,26.91,79.63,576.34,117.0,38.66,126.4,5.68,WAIT
34.87,34.67,21.38,29.98,169.01,207.86,80.97,93.69,7.31,IRRIGATE
72.69,22.64,34.03,78.98,754.65,46.08,132.62,117.04,5.93,WAIT
41.89,15.86,19.32,78.59,100.01,100.4,83.15,29.83,7.73,WAIT
26.96,22.0,23.9,41.13,101.47,164.52,145.36,60.37,6.92,IRRIGATE
65.64,34.51,26.99,46.21,425.3,161.09,124.35,52.69,6.16,DO_NOTHING
77.65,33.55,41.61,77.8,493.2,136.08,102.54,34.12,6.62,WAIT
63.2,18.85,36.3,65.86,1052.22,23.7,47.15,128.28,5.97,WAIT
63.58,32.46,18.67,60.97,608.89,90.7,140.61,168.95,7.01,DO_NOTHING
63.57,25.62,39.95,73.62,828.98,191.65,48.37,165.27,5.71,DO_NOTHING
35.9,22.72,41.44,84.96,801.17,164.05,88.69,190.48,6.49,DO_NOTHING
38.54,18.75,36.44,76.41,484.36,20.16,127.46,22.06,7.03,WAIT
82.77,25.07,22.11,74.34,917.13,127.02,145.38,29.3,6.51,WAIT
63.88,34.84,20.66,81.0,652.71,96.29,28.44,175.75,5.61,FERTIGATE
33.23,21.67,38.66,72.09,896.68,66.35,97.48,122.91,7.37,IRRIGATE
77.96,15.28,33.52,28.63,648.86,73.96,52.95,83.53,6.82,WAIT
35.05,31.85,26.52,29.78,883.76,73.58,70.59,143.38,6.06,DO_NOTHING
14.24,23.6,40.56,69.92,771.48,144.62,37.86,95.3,7.15,IRRIGATE
17.6,21.39,23.18,55.24,1080.37,28.84,82.62,52.29,7.72,IRRIGATE
18.5,24.28,35.19,74.32,522.73,86.04,65.67,67.57,5.73,IRRIGATE
46.23,21.18,23.47,70.97,1068.54,138.75,20.78,33.61,7.67,WAIT
32.3,17.12,31.58,68.66,748.5,69.82,12.12,193.7,5.85,IRRIGATE
60.7,31.25,31.86,46.9,371.1,137.52,131.25,190.41,5.48,DO_NOTHING
21.61,36.73,35.15,86.81,302.63,135.46,108.16,142.42,6.26,IRRIGATE
11.15,28.41,22.58,56.52,1057.58,96.8,127.57,53.94,6.95,IRRIGATE
83.28,17.34,16.22,55.35,192.63,168.42,138.04,98.12,5.87,WAIT
42.58,31.64,16.24,66.26,713.29,145.73,43.88,148.53,5.44,DO_NOTHING
24.95,35.18,35.21,25.96,348.38,58.95,47.91,64.56,5.36,IRRIGATE
44.42,31.85,31.78,72.1,181.15,210.06,127.39,164.92,7.34,DO_NOTHING
79.95,27.52,21.21,68.17,842.88,166.27,83.0,32.32,6.16,WAIT
79.06,28.44,30.0,43.82,468.45,198.55,103.3,161.73,6.38,WAIT
57.27,20.71,34.34,54.93,542.55,148.11,141.08,31.52,7.34,WAIT
31.93,25.21,16.57,46.07,602.63,26.52,78.75,186.88,5.47,IRRIGATE
67.33,24.42,33.03,43.22,259.49,47.89,19.87,53.42,6.93,FERTIGATE
76.13,33.72,33.81,32.73,389.19,78.51,44.99,112.7,6.59,WAIT
36.77,23.14,37.54,80.25,407.8,202.33,143.39,78.81,6.12,DO_NOTHING
47.92,36.65,38.78,32.18,492.73,128.44,80.44,54.9,7.43,DO_NOTHING
60.77,34.27,38.33,77.38,539.21,140.16,32.45,141.26,5.67,DO_NOTHING
62.05,20.28,19.06,36.57,101.99,162.34,112.54,112.69,5.62,DO_NOTHING
16.27,15.44,20.31,87.36,341.54,87.63,24.75,60.03,6.55,IRRIGATE
55.58,20.64,17.5,52.37,334.2,60.01,144.38,130.93,6.65,DO_NOTHING
41.18,24.87,30.06,73.75,802.15,50.2,80.02,94.15,7.46,DO_NOTHING
57.36,27.25,19.0,67.39,217.2,84.13,30.0,144.57,5.74,FERTIGATE
39.39,35.6,21.31,60.55,519.27,18.72,120.99,32.43,6.43,FERTIGATE
52.05,29.45,33.9,42.73,109.98,163.31,84.99,170.5,7.34,DO_NOTHING
73.25,26.16,24.67,80.41,551.29,52.61,129.7,178.86,6.41,WAIT
15.68,23.92,36.89,88.12,303.47,28.73,132.83,90.09,6.61,IRRIGATE
82.6,16.53,32.86,30.19,475.47,179.78,70.69,199.49,6.65,WAIT
34.09,20.06,25.11,51.08,168.71,90.76,74.99,150.09,6.91,IRRIGATE
63.16,15.19,21.66,71.32,583.99,16.09,122.63,159.11,6.63,FERTIGATE
14.98,32.63,31.18,79.74,851.75,179.62,82.52,45.26,6.95,IRRIGATE
56.54,32.07,20.42,38.65,990.41,168.75,137.15,156.57,6.75,DO_NOTHING
59.06,35.45,31.05,69.27,256.48,112.15,110.3,68.77,5.73,DO_NOTHING
33.54,20.55,21.59,54.74,1007.84,118.95,36.31,33.85,7.01,IRRIGATE
38.71,33.9,33.15,80.74,371.95,156.93,46.97,189.03,6.85,DO_NOTHING
34.34,21.2,20.96,73.62,318.72,137.04,47.05,139.15,7.32,IRRIGATE
68.35,32.5,20.88,31.19,798.95,90.51,70.53,25.61,5.87,WAIT
12.53,35.22,22.33,64.01,138.98,151.7,55.22,181.63,7.51,IRRIGATE
34.4,35.72,41.9,82.78,944.87,66.05,90.74,32.11,5.45,IRRIGATE
84.92,22.51,35.45,81.47,958.02,219.51,43.81,27.26,6.27,WAIT
19.76,15.52,25.37,79.86,666.18,79.12,101.61,61.76,5.24,IRRIGATE
67.33,29.35,35.82,27.73,937.12,142.0,88.88,132.43,7.45,DO_NOTHING
54.02,28.36,41.76,77.97,542.29,160.02,64.49,61.2,6.75,DO_NOTHING
79.61,36.37,24.89,61.94,311.64,219.1,147.36,136.91,7.29,WAIT
63.63,28.64,17.39,56.83,774.79,153.89,62.24,189.5,5.64,DO_NOTHING
47.53,30.89,34.13,70.4,375.29,47.02,99.03,127.87,5.67,WAIT
62.89,25.47,33.36,83.62,269.73,18.92,119.07,129.75,7.02,FERTIGATE
72.86,33.46,40.98,62.52,588.5,97.39,31.52,123.07,5.92,WAIT
79.1,28.41,31.41,49.84,151.99,21.51,69.27,35.22,6.78,WAIT
76.07,35.31,33.14,39.79,963.0,196.65,37.53,152.74,5.94,WAIT
70.2,37.94,16.78,87.82,722.63,214.54,75.1,172.53,5.36,WAIT
35.15,16.54,41.36,82.19,952.55,207.28,21.91,89.41,5.38,WAIT
25.81,20.28,28.2,43.8,200.98,49.34,30.62,195.15,7.17,IRRIGATE
82.58,25.11,23.24,80.88,426.25,76.37,42.55,43.34,5.87,WAIT
36.65,30.5,17.63,39.74,909.02,45.12,57.97,175.64,5.6,WAIT
16.21,26.14,23.86,64.44,903.8,43.12,91.3,110.99,5.57,IRRIGATE
56.8,21.29,28.68,30.76,559.58,77.83,125.13,30.26,6.29,WAIT
44.38,31.68,30.93,71.7,877.05,191.75,53.94,116.84,7.38,DO_NOTHING
84.21,35.46,25.66,38.66,589.39,167.04,78.96,106.97,7.38,WAIT
37.11,34.78,26.58,47.98,553.99,171.3,27.64,55.36,7.67,WAIT
23.16,28.06,31.06,59.27,744.75,62.11,87.37,86.99,6.92,IRRIGATE
20.59,28.13,20.82,44.51,318.71,52.48,125.6,71.43,7.61,IRRIGATE
82.74,28.14,19.72,51.22,897.73,90.32,22.18,120.22,7.4,WAIT
69.69,19.03,33.49,40.44,318.21,194.18,44.95,67.38,5.2,WAIT
75.3,33.23,32.31,77.52,252.05,108.96,59.17,36.88,6.46,WAIT
79.06,15.92,23.58,39.53,338.15,201.23,75.53,103.93,7.18,WAIT
21.59,26.21,27.18,66.78,1099.56,172.74,65.7,168.96,5.64,IRRIGATE
12.28,19.7,24.85,60.74,715.13,201.67,81.38,110.23,5.33,IRRIGATE
12.62,27.68,27.39,83.74,260.68,20.12,72.87,62.75,5.33,IRRIGATE
64.34,17.57,31.82,44.67,273.5,92.85,122.2,90.58,7.15,DO_NOTHING
19.41,32.77,22.16,72.42,665.78,205.47,64.23,31.91,5.25,IRRIGATE
72.01,27.07,36.16,41.41,445.08,21.17,144.61,140.22,7.63,WAIT
29.91,29.06,33.64,47.23,948.11,209.17,133.88,153.03,5.92,IRRIGATE
31.12,37.16,16.27,75.12,806.25,142.65,148.62,76.14,6.08,IRRIGATE
15.92,25.18,22.79,49.04,934.57,206.77,36.0,87.05,7.61,IRRIGATE
14.64,17.12,20.23,66.66,250.47,213.46,72.54,110.27,5.84,IRRIGATE
45.32,30.22,35.53,77.77,677.89,200.39,124.44,156.27,5.34,DO_NOTHING
10.52,19.89,33.25,53.78,502.41,196.34,135.38,183.65,6.02,IRRIGATE
61.83,21.25,20.96,37.92,442.11,103.14,126.33,41.58,7.11,DO_NOTHING
49.86,21.62,28.81,46.0,696.08,103.94,33.02,40.98,6.62,DO_NOTHING
77.68,22.91,35.06,71.11,1031.55,183.3,89.32,138.27,7.54,WAIT
39.96,22.52,16.28,82.86,900.98,36.41,90.76,103.52,5.51,FERTIGATE
83.54,19.94,17.75,66.64,838.87,21.65,102.22,115.81,5.47,WAIT
22.94,28.06,23.71,90.68,918.74,216.63,46.35,194.55,6.32,IRRIGATE
36.06,16.16,17.37,73.44,557.93,61.44,95.96,65.51,6.7,DO_NOTHING
36.94,33.94,37.34,58.41,450.82,89.32,122.8,79.07,5.74,DO_NOTHING
16.35,25.73,28.54,83.86,321.24,93.1,123.18,168.25,6.2,IRRIGATE
44.43,21.98,40.25,33.31,1033.75,155.19,84.42,25.88,6.44,WAIT
40.58,18.71,33.07,92.98,662.19,161.52,19.58,95.18,5.5,FERTIGATE
55.96,36.59,33.21,30.38,454.67,127.89,66.45,170.06,7.32,DO_NOTHING
55.89,23.59,22.64,32.41,454.9,99.7,104.62,138.47,5.38,DO_NOTHING
39.64,19.18,20.08,82.91,141.92,100.93,33.55,178.28,6.65,DO_NOTHING
27.35,26.56,35.02,92.07,320.45,196.67,140.8,184.96,6.85,IRRIGATE
57.24,24.27,35.56,62.19,777.44,102.83,112.41,168.4,5.58,DO_NOTHING
72.47,27.43,37.96,55.19,479.04,202.59,45.16,171.96,6.46,WAIT
48.56,22.09,30.9,47.76,139.27,70.76,10.89,196.1,7.71,WAIT
39.64,31.75,24.99,71.98,905.43,209.09,66.03,160.99,5.89,DO_NOTHING
84.27,15.59,31.69,71.17,788.05,39.68,141.39,52.61,6.82,WAIT
26.7,22.07,30.21,54.2,260.23,50.04,68.54,156.31,7.53,IRRIGATE
16.31,24.04,18.61,26.16,761.72,138.5,32.82,62.09,5.26,IRRIGATE
72.62,37.42,19.52,41.2,968.41,204.93,68.75,29.11,5.3,WAIT
53.05,24.04,16.74,65.83,111.3,176.41,52.9,27.25,6.73,FERTIGATE
39.83,37.4,30.15,44.27,809.44,70.66,136.59,87.45,6.63,DO_NOTHING
13.79,24.8,37.64,81.4,324.32,61.35,124.42,187.47,5.45,IRRIGATE
43.75,22.76,38.64,30.85,311.13,169.26,17.18,108.66,6.35,WAIT
35.08,24.08,29.78,36.3,672.0,180.11,116.42,47.7,5.59,DO_NOTHING
30.11,23.3,26.62,72.58,156.68,22.11,64.87,145.49,5.7,IRRIGATE
58.11,20.98,39.04,87.7,397.29,62.15,67.58,63.3,6.95,DO_NOTHING
71.95,30.48,37.43,52.79,256.32,166.28,60.47,140.83,5.9,WAIT
16.09,37.83,20.06,94.19,1077.28,177.73,102.32,124.01,7.45,IRRIGATE
31.71,25.76,32.1,53.78,527.49,82.71,88.99,173.1,5.72,IRRIGATE
80.08,30.85,37.41,63.93,879.52,18.32,124.57,27.22,7.51,WAIT
84.4,21.76,21.47,78.58,353.03,192.44,24.4,42.67,7.75,WAIT
60.54,34.48,24.43,72.35,694.24,138.65,105.55,123.56,6.32,DO_NOTHING
30.69,32.68,21.88,73.46,333.33,143.19,114.59,59.37,5.36,IRRIGATE
19.82,28.94,38.09,28.15,834.15,84.97,76.99,187.19,6.06,IRRIGATE
44.9,15.31,18.12,43.1,127.85,144.43,69.7,118.67,5.65,DO_NOTHING
32.19,30.27,41.1,28.53,990.38,133.26,88.95,110.05,5.38,IRRIGATE
16.74,28.82,24.86,89.21,506.59,44.37,110.06,72.8,6.57,IRRIGATE
62.34,35.71,36.6,72.35,779.63,208.91,51.42,20.2,5.91,WAIT
26.34,30.22,32.48,66.54,116.24,164.4,55.29,139.71,6.65,IRRIGATE
35.7,18.1,18.45,83.21,1018.4,148.21,24.48,92.36,7.1,WAIT
68.49,17.72,16.0,74.85,456.6,67.17,11.81,117.25,7.41,WAIT
81.82,28.01,29.38,30.95,648.87,92.9,95.0,89.97,5.82,WAIT
17.12,22.24,18.51,37.38,1087.34,106.04,84.46,177.25,7.79,IRRIGATE
53.7,33.69,24.5,46.4,502.7,152.86,105.51,76.74,5.55,DO_NOTHING
57.43,17.95,31.04,73.54,800.61,169.46,132.2,109.99,7.1,DO_NOTHING
56.44,19.29,16.67,44.92,543.03,141.51,128.99,55.32,5.53,DO_NOTHING
82.26,17.49,28.44,65.99,641.37,32.64,17.98,38.99,6.72,WAIT
50.83,20.38,32.58,82.4,141.58,117.12,106.5,65.42,6.0,DO_NOTHING
56.02,35.65,37.06,65.82,830.22,89.79,99.74,103.91,5.69,DO_NOTHING
62.63,27.8,25.32,88.79,120.93,79.73,17.96,157.97,7.03,FERTIGATE
34.85,30.54,26.29,77.94,554.18,99.52,140.86,65.16,5.51,IRRIGATE
53.84,37.29,25.82,29.34,439.31,118.72,32.67,138.46,7.79,DO_NOTHING
43.88,23.16,26.42,33.06,983.27,100.04,64.22,138.74,6.35,DO_NOTHING
58.62,16.41,37.16,90.84,748.77,210.69,31.2,105.93,6.76,DO_NOTHING
53.63,24.23,24.79,33.88,491.74,48.35,112.81,57.59,5.35,WAIT
51.43,28.69,38.67,65.39,445.48,179.62,85.64,34.27,6.67,WAIT
78.1,24.12,23.7,35.04,251.45,103.72,93.4,34.51,7.64,WAIT
66.64,28.49,37.54,30.61,576.84,144.17,126.01,161.02,5.92,DO_NOTHING
80.57,17.86,38.75,92.97,277.15,163.02,15.64,92.98,6.54,WAIT
53.55,36.53,33.48,58.69,909.68,209.86,13.09,196.85,5.42,WAIT
71.08,21.45,19.44,55.79,743.96,93.1,17.64,127.9,7.55,WAIT
38.74,19.98,27.51,28.39,920.49,184.4,92.32,83.56,7.28,DO_NOTHING
51.6,34.0,32.42,79.91,698.56,99.9,144.11,117.4,6.77,DO_NOTHING
26.54,29.39,30.86,37.94,159.59,138.89,116.92,114.21,5.79,IRRIGATE
59.99,16.84,27.49,36.44,284.46,56.47,64.14,29.21,6.23,WAIT
48.38,26.12,25.95,83.74,245.33,118.67,18.69,32.81,6.69,FERTIGATE
52.45,35.19,30.5,92.19,148.69,35.09,16.17,53.35,6.61,FERTIGATE
58.42,16.05,40.6,83.95,396.61,30.82,33.78,42.85,5.52,WAIT
48.89,20.65,25.31,94.27,784.31,209.54,29.96,88.79,6.64,FERTIGATE
15.76,15.1,33.43,69.93,510.79,115.38,68.16,24.32,6.07,IRRIGATE
23.28,17.26,40.87,66.96,828.66,79.65,65.04,62.65,5.45,IRRIGATE
23.43,33.34,33.62,63.29,575.09,204.1,20.18,70.51,6.11,IRRIGATE
68.68,37.83,22.26,86.2,930.62,61.05,65.91,93.74,7.74,WAIT
23.57,33.38,24.69,76.16,520.01,133.56,126.57,164.75,7.45,IRRIGATE
14.47,30.92,19.64,54.11,648.59,97.56,82.75,199.37,5.55,IRRIGATE
60.66,24.11,19.46,36.11,1049.27,195.32,136.99,198.48,5.74,DO_NOTHING
36.66,30.39,28.58,54.29,457.81,136.73,90.58,49.06,6.43,DO_NOTHING
51.51,28.12,21.46,76.96,125.2,87.74,119.23,121.5,5.88,DO_NOTHING
62.12,28.05,36.7,76.45,710.11,115.08,28.65,67.04,6.29,WAIT
54.95,26.82,23.49,25.45,596.24,73.55,112.85,24.31,6.72,WAIT
80.61,19.01,28.26,31.4,725.68,127.86,67.03,113.85,7.53,WAIT
24.72,15.52,38.4,65.4,990.66,137.37,123.42,97.34,7.15,IRRIGATE
78.48,28.16,20.7,43.82,298.64,65.61,52.9,119.92,6.73,WAIT
41.99,29.15,18.12,31.15,271.83,121.21,39.96,70.99,6.24,DO_NOTHING
70.89,15.32,32.88,71.82,898.66,206.21,12.82,47.68,7.5,WAIT
44.39,27.99,33.24,72.53,1031.74,219.37,110.82,71.7,7.49,DO_NOTHING
13.69,20.31,39.33,42.93,320.65,43.32,130.28,110.01,6.95,IRRIGATE
27.93,32.43,35.76,46.88,510.68,57.99,146.72,136.21,7.63,IRRIGATE
32.75,32.98,35.91,73.42,1065.64,95.68,28.3,140.91,7.1,IRRIGATE
53.13,19.76,29.12,46.85,527.47,147.27,114.33,61.8,6.25,DO_NOTHING
30.19,19.57,36.37,88.65,470.23,169.01,135.58,172.3,5.68,IRRIGATE
81.72,23.66,24.82,29.37,586.17,37.35,44.8,77.05,7.3,WAIT
75.66,21.96,38.33,85.01,864.65,45.07,106.65,190.1,6.97,WAIT
34.87,26.51,32.79,60.74,219.95,78.97,122.34,175.06,5.56,IRRIGATE
81.43,22.56,33.22,77.63,911.95,208.88,53.81,174.53,5.54,WAIT
62.88,32.07,33.62,42.66,973.04,49.62,17.51,149.14,6.44,WAIT
73.68,23.82,20.38,83.55,648.91,53.79,110.85,112.0,6.77,WAIT
44.57,34.06,37.57,74.66,205.4,186.97,103.94,145.46,6.14,DO_NOTHING
75.95,31.68,18.93,53.54,986.38,24.68,144.6,142.25,6.84,WAIT
30.29,20.72,40.49,45.88,875.51,95.59,29.5,21.93,6.62,IRRIGATE
83.18,23.49,25.29,49.09,620.54,105.34,133.19,110.99,6.52,WAIT
20.38,37.6,22.5,30.14,763.15,137.05,68.12,95.99,7.24,IRRIGATE
24.68,33.87,32.87,54.33,558.03,67.61,115.3,112.32,6.03,IRRIGATE
54.7,37.9,27.32,89.45,445.02,26.22,38.59,95.37,5.77,FERTIGATE
10.02,36.05,37.94,76.96,267.81,39.67,19.46,150.33,7.61,IRRIGATE
42.29,17.74,29.32,49.42,474.82,142.37,110.62,39.91,5.29,WAIT
84.57,20.35,17.4,38.29,138.96,95.32,122.34,81.42,6.35,WAIT
60.67,26.7,38.4,85.62,109.91,174.5,74.5,197.99,6.46,DO_NOTHING
84.02,32.36,22.46,62.69,1092.14,190.79,23.63,147.15,6.1,WAIT
10.52,24.28,22.1,82.32,437.33,184.64,10.08,75.41,5.83,IRRIGATE
27.52,16.57,20.87,63.89,391.36,100.57,62.76,177.66,7.55,IRRIGATE
46.97,22.59,18.78,91.74,160.23,76.02,51.73,77.67,5.63,DO_NOTHING
68.74,17.82,32.51,33.67,170.54,201.43,36.62,167.83,6.62,WAIT
15.84,36.98,22.42,85.18,268.81,190.06,11.85,112.12,7.2,IRRIGATE
80.11,35.91,37.31,87.17,299.22,73.26,50.46,87.87,6.22,WAIT
50.84,18.68,33.97,36.73,410.31,118.19,121.5,153.1,6.88,DO_NOTHING
21.68,27.58,18.27,51.42,513.52,23.16,48.36,192.02,7.68,IRRIGATE
36.42,15.99,20.66,52.46,1047.78,43.95,116.89,39.56,7.75,WAIT
38.62,32.83,24.91,68.94,292.02,44.93,141.33,185.18,7.51,WAIT
56.91,33.59,17.79,48.44,413.7,145.31,59.83,46.73,6.75,DO_NOTHING
71.08,23.79,19.44,38.77,337.48,76.48,99.99,128.17,7.01,WAIT
37.19,33.95,21.31,57.83,900.94,51.93,25.38,179.06,6.09,FERTIGATE
61.29,15.58,33.94,47.13,155.74,140.01,43.71,89.63,5.41,DO_NOTHING
21.04,21.85,18.33,88.76,106.05,114.19,27.25,75.38,7.61,IRRIGATE
22.13,37.21,21.35,76.91,646.68,196.32,87.56,116.22,5.71,IRRIGATE
22.47,36.08,24.52,51.05,859.82,84.46,143.29,152.83,6.75,IRRIGATE
76.07,16.14,22.68,57.55,326.98,167.5,138.69,96.28,6.09,WAIT
82.12,25.23,28.72,49.62,1009.55,131.64,116.7,166.13,6.09,WAIT
42.53,34.51,25.44,80.58,1040.99,142.76,113.83,164.92,7.4,DO_NOTHING
39.63,16.18,26.45,72.16,550.35,168.54,59.98,134.25,5.68,DO_NOTHING
66.2,27.55,21.31,45.43,848.61,113.93,40.24,194.11,7.06,DO_NOTHING
81.79,24.82,28.35,87.86,625.05,159.99,45.3,100.41,5.52,WAIT
25.45,15.02,17.02,93.41,342.35,150.98,127.47,119.12,5.6,IRRIGATE
64.61,28.81,35.01,78.88,1075.41,132.58,57.83,136.72,5.38,DO_NOTHING
77.3,17.75,24.52,82.1,697.31,95.7,76.28,173.82,6.08,WAIT
75.22,17.03,36.2,84.33,281.82,103.22,33.17,147.19,6.59,WAIT
57.65,19.52,21.51,27.9,422.07,129.75,130.11,140.05,6.33,DO_NOTHING
81.48,31.54,40.18,61.93,358.9,25.83,111.65,41.83,5.99,WAIT
49.94,27.98,31.62,36.64,479.74,141.52,145.77,150.97,7.6,DO_NOTHING
67.17,28.61,20.99,71.67,723.38,138.51,78.57,115.16,6.07,DO_NOTHING
48.95,19.54,36.93,38.0,184.97,104.43,102.16,98.79,5.92,DO_NOTHING
51.86,22.98,40.25,89.59,602.37,82.22,113.2,26.61,6.43,WAIT
35.22,36.17,16.31,63.7,840.66,114.43,21.96,195.04,6.55,FERTIGATE
56.06,20.44,28.57,55.04,174.9,36.76,127.25,63.17,5.71,FERTIGATE
47.87,32.68,17.61,65.38,219.21,22.47,17.38,170.15,5.51,FERTIGATE
13.39,25.07,37.94,43.37,521.71,23.18,72.87,123.97,6.68,IRRIGATE
34.93,22.26,18.77,50.68,199.49,172.15,145.28,194.61,7.45,IRRIGATE
55.06,31.12,23.42,69.15,555.65,113.81,116.09,70.75,6.03,DO_NOTHING
79.35,16.29,28.63,88.9,710.36,127.01,44.96,81.79,7.42,WAIT
51.94,26.84,18.59,26.12,1063.69,92.28,94.45,34.35,6.98,WAIT
79.94,28.24,19.28,65.72,866.35,98.32,133.18,136.76,7.54,WAIT
56.76,18.02,24.05,39.13,1008.83,170.88,104.7,74.17,5.68,DO_NOTHING
66.73,25.91,21.87,68.16,140.33,81.86,75.6,46.63,7.76,DO_NOTHING
25.68,18.0,21.29,78.83,525.51,130.91,12.94,26.2,6.36,IRRIGATE
71.25,35.36,18.25,62.69,1013.23,94.53,126.14,44.07,7.63,WAIT
66.36,36.65,33.59,50.44,1038.18,71.49,56.5,146.15,7.19,DO_NOTHING
79.71,19.71,36.75,76.7,163.79,94.38,49.59,74.81,7.76,WAIT
58.21,31.51,41.39,51.4,901.84,104.08,131.73,52.52,7.66,DO_NOTHING
26.41,22.5,35.66,52.56,708.21,106.14,113.93,61.1,5.35,IRRIGATE
32.49,25.91,20.37,49.84,499.98,26.77,91.66,179.18,5.59,IRRIGATE
54.84,30.29,26.9,74.08,510.73,118.45,11.03,144.51,6.92,FERTIGATE
12.88,23.47,41.45,54.45,601.95,201.54,110.42,124.77,7.27,IRRIGATE
74.83,25.51,28.35,52.02,1066.71,157.92,21.65,175.33,6.45,WAIT
15.16,27.64,26.85,86.44,303.99,184.43,88.08,29.83,7.73,IRRIGATE
48.45,21.69,28.2,85.05,404.9,54.5,28.07,73.61,7.23,FERTIGATE
45.37,20.23,20.32,48.29,1039.92,85.32,148.34,107.34,5.67,DO_NOTHING
76.84,25.59,34.45,93.86,150.18,34.82,110.86,70.73,5.68,WAIT
12.95,15.5,36.14,34.41,567.72,139.21,69.97,24.88,7.24,IRRIGATE
10.79,32.52,39.23,55.3,635.54,112.78,64.49,179.74,7.52,IRRIGATE
35.19,29.15,40.1,92.34,608.96,107.83,49.02,192.6,5.57,DO_NOTHING
53.49,21.5,23.25,53.35,1098.79,26.27,91.0,34.86,5.6,WAIT
42.97,26.74,22.73,47.15,186.97,77.16,145.32,190.05,6.07,DO_NOTHING
52.81,35.92,16.16,81.75,1048.37,33.72,32.6,192.93,6.6,WAIT
11.06,20.93,27.7,73.5,833.16,219.06,50.25,116.88,6.59,IRRIGATE
40.42,18.89,41.41,84.73,598.33,138.67,41.82,117.88,7.01,DO_NOTHING
48.64,37.78,31.89,50.97,872.15,49.94,63.83,82.45,6.32,FERTIGATE
68.63,26.14,36.64,65.35,442.07,181.05,43.36,60.39,6.51,WAIT
29.56,15.21,32.86,60.78,545.52,213.23,89.97,175.42,5.56,IRRIGATE
52.69,34.96,31.16,75.26,472.04,33.95,74.11,91.01,7.45,FERTIGATE
28.3,37.23,40.91,42.33,448.05,198.59,145.33,99.82,6.03,IRRIGATE
49.46,30.82,23.11,76.55,151.66,25.11,64.08,83.63,6.02,FERTIGATE
46.83,22.38,21.0,46.66,1074.9,99.28,72.26,123.78,7.76,DO_NOTHING
28.12,30.67,34.62,67.51,188.58,153.76,18.97,127.31,7.12,IRRIGATE
25.82,34.36,16.79,84.07,560.33,59.61,28.73,191.6,5.39,IRRIGATE
24.93,23.0,32.13,63.14,225.64,74.39,43.43,58.44,6.27,IRRIGATE
62.8,20.0,25.53,52.36,1076.46,210.71,122.02,63.5,5.38,DO_NOTHING
33.77,21.14,29.15,79.44,958.32,188.2,60.35,143.7,6.01,IRRIGATE
14.57,31.14,16.26,53.64,429.38,157.14,117.27,74.74,7.31,IRRIGATE
32.04,25.27,34.9,73.5,1087.37,61.16,102.72,129.74,7.58,IRRIGATE
21.73,32.29,30.77,44.23,574.43,83.42,91.1,180.02,6.68,IRRIGATE
57.38,26.93,17.33,41.3,592.0,78.6,35.45,110.74,6.04,DO_NOTHING
29.36,25.67,19.47,89.94,967.7,160.06,24.87,159.66,7.3,IRRIGATE
67.58,17.62,32.74,83.4,677.35,147.51,74.17,115.17,5.29,DO_NOTHING
57.92,16.87,27.31,45.49,645.43,42.35,106.83,163.1,5.62,FERTIGATE
17.82,18.35,38.81,61.97,567.26,36.88,100.94,176.24,7.35,IRRIGATE
56.95,16.73,18.92,28.45,357.48,42.81,46.41,89.31,7.65,WAIT
55.78,34.2,34.47,32.88,835.92,71.4,99.48,81.37,7.79,DO_NOTHING
29.77,21.42,40.2,26.73,796.69,163.69,127.09,195.4,7.74,IRRIGATE
14.9,33.9,32.8,70.31,228.35,148.29,147.55,184.13,6.34,IRRIGATE
13.0,23.33,37.49,74.1,559.34,26.3,69.77,104.42,7.61,IRRIGATE
58.08,22.17,29.66,29.62,1072.57,88.81,76.9,83.95,6.97,DO_NOTHING
59.67,31.45,22.97,47.1,225.25,149.38,15.57,127.58,7.46,FERTIGATE
76.81,25.33,27.94,30.39,770.77,183.36,44.25,95.83,7.38,WAIT
75.78,20.59,30.31,38.47,201.88,201.78,124.87,156.81,5.33,WAIT
73.28,25.08,24.9,63.25,191.35,170.11,91.54,53.59,5.69,WAIT
23.82,16.31,31.28,83.82,117.5,25.05,90.19,167.51,6.05,IRRIGATE
36.22,28.72,23.13,26.86,835.23,143.26,91.31,153.5,6.96,DO_NOTHING
25.44,23.11,19.28,34.09,776.2,191.01,144.78,133.1,5.68,IRRIGATE
17.92,33.7,31.05,68.28,881.46,159.17,126.82,30.12,7.14,IRRIGATE
73.81,21.58,32.65,46.99,1057.97,21.85,91.17,49.97,7.05,WAIT
23.19,20.41,28.85,89.04,311.71,44.57,116.26,110.11,7.57,IRRIGATE
21.0,29.86,22.05,35.97,783.43,136.71,115.68,75.7,6.36,IRRIGATE
40.41,37.63,23.6,45.64,454.55,130.74,45.33,184.75,5.89,DO_NOTHING
77.19,17.38,33.07,88.49,268.75,213.51,73.4,190.23,6.96,WAIT
32.62,19.33,23.9,31.51,243.87,36.46,69.21,163.2,5.57,IRRIGATE
19.77,29.8,21.13,31.83,266.85,204.36,125.01,83.73,6.91,IRRIGATE
50.3,30.57,33.75,69.01,366.1,23.0,73.78,180.38,6.68,FERTIGATE
72.43,37.81,20.25,73.42,774.29,215.89,147.98,143.6,5.83,WAIT
69.89,17.46,36.3,88.71,482.83,144.28,70.22,98.8,6.01,WAIT
67.16,36.53,40.46,37.23,974.74,166.17,45.4,32.11,5.9,WAIT
78.42,29.56,34.75,43.0,819.39,20.76,62.54,132.82,5.58,WAIT
71.73,20.41,32.96,53.36,696.04,37.03,12.37,183.72,5.9,WAIT
71.48,37.99,21.5,43.56,762.86,212.92,138.21,110.52,7.27,WAIT
20.18,37.48,41.07,36.46,399.42,35.53,48.04,166.87,6.18,IRRIGATE
16.63,22.87,41.52,69.08,516.16,49.14,148.06,167.75,5.93,IRRIGATE
15.26,16.3,19.13,65.65,1028.76,116.83,128.01,100.26,7.04,IRRIGATE
64.89,19.0,25.39,69.61,170.7,89.12,84.87,199.32,6.43,DO_NOTHING
71.2,24.94,36.71,66.68,986.6,99.24,94.6,133.4,6.29,WAIT
20.82,17.15,16.43,86.15,336.47,58.36,113.04,77.6,6.52,IRRIGATE
22.19,37.07,38.14,85.47,506.77,171.28,30.14,21.55,5.25,IRRIGATE
54.0,25.47,29.47,25.52,522.69,162.2,71.98,151.8,5.81,DO_NOTHING
70.99,28.53,21.48,41.57,728.03,185.14,68.19,66.49,7.45,WAIT
60.2,25.31,28.69,39.3,726.8,88.54,149.39,106.43,6.46,DO_NOTHING
52.44,36.09,36.82,56.58,818.7,135.18,78.93,54.62,6.41,DO_NOTHING
28.44,36.04,24.72,91.66,633.06,144.47,86.01,43.29,6.18,IRRIGATE
17.44,29.33,27.62,79.46,320.47,48.74,66.89,186.79,7.05,IRRIGATE
41.42,26.9,18.19,93.92,766.41,73.51,92.01,39.71,7.71,WAIT
23.11,29.9,22.38,75.23,876.82,153.05,96.03,180.64,5.4,IRRIGATE
34.82,20.71,41.69,52.26,832.61,155.37,39.69,63.02,5.93,IRRIGATE
40.83,20.39,16.51,86.56,1065.61,85.02,57.39,21.28,6.97,WAIT
71.91,18.37,20.15,80.31,716.29,24.2,97.16,75.61,6.16,WAIT
67.73,33.65,26.41,91.3,506.46,173.23,77.74,181.56,7.56,DO_NOTHING
16.56,36.54,37.46,80.39,300.91,180.05,129.02,72.05,7.68,IRRIGATE
13.74,18.45,29.98,65.31,745.15,18.48,144.45,28.03,5.57,IRRIGATE
11.05,28.04,40.24,71.62,922.66,17.72,85.88,102.72,6.5,IRRIGATE
15.42,30.74,29.08,78.56,585.29,45.62,100.76,51.03,7.47,IRRIGATE
55.98,18.62,41.02,61.29,172.9,143.5,45.45,164.66,7.33,DO_NOTHING
83.42,26.54,27.83,77.74,232.47,127.12,86.47,36.11,6.29,WAIT
74.0,34.69,18.58,31.35,362.7,194.33,28.05,149.6,5.46,WAIT
56.74,23.19,36.51,41.36,739.2,63.31,109.91,177.26,5.53,DO_NOTHING
74.99,28.65,19.3,54.93,260.86,158.57,116.24,39.04,6.52,WAIT
71.1,36.53,29.35,91.52,635.69,95.81,128.75,108.74,6.43,WAIT
46.77,34.48,37.63,53.25,433.3,115.85,90.19,62.9,7.26,DO_NOTHING
46.49,22.68,18.78,41.72,1049.28,77.55,33.64,102.92,6.0,DO_NOTHING
12.64,22.43,30.15,63.62,456.56,106.7,145.17,87.92,5.87,IRRIGATE
28.26,25.53,35.75,39.42,809.3,19.34,68.65,159.66,6.08,IRRIGATE
52.28,19.71,35.29,28.66,952.54,55.63,132.42,83.46,7.08,DO_NOTHING
33.94,35.84,19.29,37.5,593.03,31.8,37.44,189.88,7.74,IRRIGATE
38.22,36.24,30.17,43.88,802.4,150.07,148.48,67.71,6.95,DO_NOTHING
13.9,17.61,16.1,94.96,902.27,176.28,81.36,74.01,5.59,IRRIGATE
31.35,23.65,35.66,62.78,177.48,18.7,24.33,93.89,7.63,IRRIGATE
57.81,33.44,28.13,50.32,208.4,194.57,119.64,50.26,6.53,DO_NOTHING
46.55,29.38,40.6,65.58,640.22,25.32,18.81,53.72,5.28,WAIT
65.75,31.64,19.54,83.53,254.79,76.74,44.86,87.02,5.86,DO_NOTHING
46.67,24.37,41.65,28.91,242.18,25.83,97.62,29.81,7.37,WAIT
48.4,27.12,30.6,36.96,297.69,80.36,93.09,57.82,5.5,DO_NOTHING
82.76,15.51,36.87,80.16,397.21,42.8,30.39,145.54,6.87,WAIT
68.71,36.56,33.99,35.91,343.44,187.65,39.3,33.05,7.03,WAIT
40.19,36.16,32.91,31.33,1047.86,68.0,57.21,92.41,5.33,DO_NOTHING
47.24,17.84,26.43,49.55,872.84,179.65,31.48,85.98,6.17,DO_NOTHING
21.36,33.36,34.39,38.33,466.72,36.69,97.95,41.85,7.76,IRRIGATE
68.55,23.98,31.04,88.79,654.1,50.77,63.02,171.77,6.87,WAIT
58.8,34.94,39.24,89.39,194.85,126.55,113.67,156.25,6.78,DO_NOTHING
22.51,33.34,34.72,31.03,563.81,50.67,57.25,23.25,6.24,IRRIGATE
51.24,29.25,33.25,83.54,315.46,39.7,129.22,48.19,7.73,WAIT
73.19,26.52,41.52,31.82,403.07,145.84,59.0,187.11,5.37,WAIT
51.21,28.59,32.97,42.9,464.57,187.95,37.29,168.84,6.66,DO_NOTHING
67.16,31.41,21.4,64.82,967.72,103.58,145.32,101.4,5.57,DO_NOTHING
39.21,36.89,24.31,85.77,981.25,86.79,21.66,150.42,6.01,WAIT
68.72,25.18,28.62,79.45,482.36,105.84,62.67,86.12,6.57,WAIT
70.66,23.32,29.63,71.95,369.44,71.89,140.68,150.24,6.7,WAIT
58.58,15.67,32.07,60.67,645.75,88.68,21.41,54.8,7.67,WAIT
40.65,25.73,17.37,27.63,817.18,125.31,81.22,63.76,7.14,DO_NOTHING
22.62,19.37,27.98,45.04,347.46,147.27,101.14,168.41,6.29,IRRIGATE
15.48,21.29,41.48,66.74,809.74,16.51,82.55,26.76,6.68,IRRIGATE
79.06,37.27,30.05,57.07,1045.02,153.09,19.09,103.83,5.82,WAIT
45.24,25.48,31.14,49.97,264.27,118.26,126.23,139.52,6.08,DO_NOTHING
80.16,35.98,21.44,27.76,841.31,184.66,145.5,180.17,6.76,WAIT
49.75,15.64,22.41,57.17,728.5,129.24,113.97,70.36,6.67,DO_NOTHING
16.61,24.51,35.5,73.54,1090.64,71.97,79.75,79.32,6.35,IRRIGATE
74.27,30.74,38.94,39.25,973.36,27.25,134.4,79.23,6.02,WAIT
48.41,36.64,17.24,49.66,956.57,96.19,37.88,96.46,6.2,DO_NOTHING
78.66,32.52,29.13,94.19,565.28,26.94,46.72,98.49,5.61,WAIT
81.07,32.64,22.98,66.36,821.45,207.96,133.43,112.73,7.21,WAIT
52.16,27.71,18.98,33.83,629.53,70.12,12.95,150.11,5.28,WAIT
54.65,27.4,41.19,58.89,163.6,128.1,127.75,199.43,6.32,DO_NOTHING
34.02,35.85,20.97,68.08,505.71,23.42,58.62,67.74,6.98,IRRIGATE
81.16,21.17,37.1,28.88,638.12,29.46,140.76,157.94,6.91,WAIT
71.79,29.89,41.19,74.98,1024.66,121.01,26.39,115.07,5.53,WAIT
54.44,26.1,32.19,25.7,294.84,115.72,143.07,89.05,6.3,DO_NOTHING
63.6,28.89,23.77,53.76,317.7,213.03,28.29,86.93,5.27,WAIT
26.63,32.95,21.23,30.6,574.45,17.04,21.87,165.37,7.21,IRRIGATE
78.64,34.65,33.76,28.66,882.85,188.33,121.87,111.53,5.81,WAIT
73.4,31.72,41.5,35.9,325.66,58.42,120.96,53.64,5.37,WAIT
84.89,15.57,37.72,50.58,941.62,128.7,136.23,186.71,5.22,WAIT
15.66,20.76,33.4,87.18,559.94,139.43,36.39,164.89,7.72,IRRIGATE
30.14,26.38,18.24,64.14,602.78,44.61,71.89,80.14,6.56,IRRIGATE
53.92,15.2,35.79,74.91,466.29,25.85,115.69,191.93,5.82,WAIT
34.26,19.23,31.0,35.84,456.19,157.89,88.42,89.56,6.29,IRRIGATE
52.16,15.13,18.04,86.69,177.88,159.89,138.81,68.72,6.16,DO_NOTHING
52.67,35.28,40.49,76.77,186.62,152.18,67.44,104.73,5.33,DO_NOTHING
24.33,33.18,27.8,46.12,484.02,190.15,114.86,69.02,5.51,IRRIGATE
28.9,36.18,31.12,62.34,696.39,90.04,122.99,114.19,5.5,IRRIGATE
19.68,27.35,40.35,46.58,969.54,171.64,44.69,26.54,5.46,IRRIGATE
64.64,19.59,25.65,60.12,825.47,38.21,66.89,107.31,6.61,FERTIGATE
71.38,18.95,37.0,73.5,655.87,158.4,67.68,44.91,6.93,WAIT
49.35,29.71,24.79,88.48,687.37,32.51,72.97,156.14,7.26,FERTIGATE
47.09,35.58,22.96,53.74,998.6,198.73,106.0,174.62,5.43,DO_NOTHING
74.87,22.37,20.64,41.76,517.97,66.49,54.88,44.3,5.97,WAIT
52.92,25.16,25.01,77.25,993.51,170.14,56.48,154.0,5.6,DO_NOTHING
19.77,22.95,37.0,42.24,163.25,42.0,130.22,134.08,5.86,IRRIGATE
51.65,27.13,33.04,41.32,964.4,78.42,107.18,22.9,6.17,WAIT
36.38,27.5,17.89,80.31,317.78,153.79,122.45,121.14,7.13,DO_NOTHING
59.64,23.18,37.03,45.63,671.21,167.81,63.05,74.5,6.39,DO_NOTHING
71.35,36.39,30.17,71.3,1003.27,35.2,42.49,147.6,7.34,WAIT
74.28,24.55,18.32,55.64,330.73,74.7,118.12,33.59,7.35,WAIT
42.08,28.71,18.33,48.62,189.7,212.12,123.02,102.73,5.78,DO_NOTHING
80.01,22.93,20.19,64.42,1043.77,15.79,43.34,188.92,5.64,WAIT
18.49,28.11,38.41,58.4,1094.56,154.23,20.37,198.71,6.26,IRRIGATE
31.56,27.83,23.91,31.05,101.43,107.16,127.16,123.02,7.8,IRRIGATE
31.51,21.45,20.15,36.48,385.19,177.53,136.81,195.52,5.8,IRRIGATE
76.1,22.55,18.93,85.9,736.11,48.77,70.18,71.71,7.12,WAIT
44.01,37.75,17.42,49.85,581.9,118.14,54.23,151.26,7.47,DO_NOTHING
80.4,33.52,38.12,63.54,925.89,77.22,65.79,77.04,6.42,WAIT
31.42,37.12,24.13,31.86,626.82,26.71,25.48,59.49,6.41,IRRIGATE
42.49,33.39,35.23,54.84,433.7,79.88,118.36,29.37,5.23,WAIT
69.67,25.97,19.4,41.49,1032.5,191.2,109.37,106.8,6.55,WAIT
83.14,37.21,21.6,81.78,297.24,58.78,104.65,92.9,7.62,WAIT
16.68,26.77,39.88,88.29,256.53,90.16,96.68,48.69,7.72,IRRIGATE
78.61,18.84,19.15,30.98,1009.44,54.69,68.28,100.79,6.76,WAIT
15.38,20.22,40.22,88.59,881.29,18.98,55.78,133.03,5.92,IRRIGATE
78.22,29.58,17.87,88.63,1057.77,30.93,84.53,74.61,6.22,WAIT
23.47,28.3,40.91,60.22,182.91,142.1,57.63,174.07,6.33,IRRIGATE
24.46,19.4,35.99,43.59,867.23,57.21,55.04,103.79,7.65,IRRIGATE
79.88,19.76,25.31,35.46,609.99,109.42,136.11,187.4,6.2,WAIT
46.88,35.61,36.97,25.26,420.06,101.46,42.16,55.92,5.3,DO_NOTHING
58.25,21.04,17.36,41.17,901.91,189.56,77.63,94.89,7.74,DO_NOTHING
25.04,19.95,23.59,37.09,479.37,201.72,96.15,94.15,7.63,IRRIGATE
13.63,19.84,30.71,68.09,139.56,97.62,100.88,145.65,6.86,IRRIGATE
34.04,17.15,27.1,34.01,1047.62,112.41,54.42,157.93,6.49,IRRIGATE
33.25,33.68,38.55,72.11,146.96,131.1,116.86,44.57,5.79,IRRIGATE
76.19,15.46,35.57,58.16,546.77,16.45,124.72,84.77,6.61,WAIT
60.8,31.16,40.86,62.19,499.72,210.51,99.9,73.67,5.53,DO_NOTHING
73.19,23.33,33.17,57.96,298.93,138.35,18.5,94.4,6.62,WAIT
42.7,32.22,37.53,78.99,138.81,54.8,85.13,188.27,7.37,DO_NOTHING
73.19,21.97,27.17,57.95,257.37,21.37,142.57,63.33,5.82,WAIT
16.25,36.36,31.07,71.69,1011.58,85.85,97.01,26.98,5.69,IRRIGATE
72.34,32.64,25.12,51.38,633.55,15.05,43.77,57.48,5.85,WAIT
70.44,21.43,20.98,60.3,965.65,64.48,21.0,84.15,7.14,WAIT
51.3,33.79,40.95,80.49,703.8,116.14,15.61,197.18,6.2,WAIT
21.42,30.33,23.39,66.0,686.77,106.37,127.06,67.69,6.37,IRRIGATE
50.33,30.26,36.38,52.64,746.05,45.88,140.57,88.95,7.1,WAIT
11.53,19.72,28.66,86.48,627.26,205.62,77.73,108.28,5.51,IRRIGATE
70.2,20.68,39.39,88.76,1043.31,121.65,104.79,160.13,5.54,WAIT
55.07,15.79,28.94,35.84,282.92,89.83,70.54,132.17,5.39,DO_NOTHING
47.78,19.2,30.92,69.62,656.71,166.35,56.99,157.72,6.33,DO_NOTHING
46.31,29.91,16.48,70.78,718.59,78.52,22.01,36.37,7.6,WAIT
61.7,17.92,25.27,66.47,935.57,23.95,43.13,180.15,5.22,WAIT
25.1,37.06,31.95,43.32,166.99,20.78,44.26,178.67,6.28,IRRIGATE
64.03,36.12,26.61,38.39,617.12,201.16,122.61,31.85,7.0,WAIT
52.89,35.87,19.18,62.38,979.46,99.05,77.48,32.68,5.92,WAIT
34.34,36.74,23.35,57.26,771.3,48.25,78.1,152.94,7.45,IRRIGATE
56.97,30.39,19.28,91.2,232.57,173.81,47.07,188.05,7.07,DO_NOTHING
66.54,20.04,27.52,68.25,869.97,36.31,144.73,180.24,5.9,FERTIGATE
71.71,26.92,28.01,47.01,680.97,164.63,67.53,133.26,7.02,WAIT
63.33,16.2,38.35,57.08,362.42,64.56,77.62,179.63,6.18,DO_NOTHING
66.23,17.23,28.38,94.42,870.44,58.16,80.2,62.05,6.26,DO_NOTHING
68.51,32.74,21.93,89.56,692.57,92.88,80.27,128.91,6.66,WAIT
46.48,26.61,20.59,81.89,641.76,41.87,117.26,187.84,7.66,WAIT
37.68,18.12,29.48,32.88,1033.99,52.63,45.39,93.19,6.2,DO_NOTHING
69.6,25.5,20.44,43.7,609.11,45.23,95.63,121.83,7.06,WAIT
80.33,35.98,40.6,42.13,231.57,76.97,135.31,194.97,7.43,WAIT
18.25,36.79,27.01,25.65,542.39,24.44,86.14,80.94,6.43,IRRIGATE
55.99,34.98,33.21,55.38,919.43,200.64,26.77,115.75,5.94,FERTIGATE
13.53,30.38,38.43,36.4,912.41,189.95,138.01,67.75,7.55,IRRIGATE
34.05,27.7,17.31,28.07,820.37,106.12,45.88,54.27,6.94,IRRIGATE
10.03,33.54,18.06,38.4,486.24,114.4,59.7,77.73,7.71,IRRIGATE
58.12,15.54,27.18,86.25,401.46,34.38,116.17,129.08,6.68,FERTIGATE
14.02,18.23,32.19,39.55,604.07,126.7,49.69,190.72,7.39,IRRIGATE
64.18,16.79,18.76,59.49,260.71,215.54,32.19,107.74,6.15,DO_NOTHING
57.95,17.97,27.19,44.23,987.75,23.32,137.92,169.94,5.97,WAIT
69.2,15.72,41.14,61.86,403.28,89.33,19.3,198.08,5.3,WAIT
59.12,25.18,40.67,42.22,632.09,113.88,108.4,32.24,5.7,WAIT
26.09,31.98,20.92,65.14,315.24,191.63,141.91,113.33,6.12,IRRIGATE
27.55,16.14,22.98,70.8,633.62,208.53,65.48,144.9,6.47,IRRIGATE
48.44,21.16,27.83,57.95,806.64,207.83,56.1,27.6,6.49,FERTIGATE
50.83,18.87,35.77,93.95,1045.77,55.41,132.55,146.81,6.38,DO_NOTHING
50.55,34.54,28.48,51.12,593.25,133.72,36.47,182.16,6.95,DO_NOTHING
57.5,17.29,31.71,33.47,178.7,123.1,66.39,125.99,5.43,DO_NOTHING
42.32,19.02,41.66,64.28,787.44,81.71,23.26,195.66,5.94,WAIT
41.79,29.95,16.64,81.72,636.58,72.03,18.63,49.25,7.53,WAIT
61.45,20.75,17.71,73.34,672.41,97.93,60.91,59.03,6.94,DO_NOTHING
82.8,19.04,31.53,54.69,546.69,67.1,125.52,107.35,6.61,WAIT
32.86,19.18,18.23,74.99,296.23,156.47,64.65,94.84,6.42,IRRIGATE
37.58,17.31,24.05,71.46,765.78,73.68,74.41,54.82,5.75,DO_NOTHING
11.73,35.63,21.48,40.93,379.6,41.12,99.5,33.53,5.55,IRRIGATE
58.36,22.81,34.41,64.02,356.02,148.42,26.28,116.55,6.34,WAIT
30.09,28.89,38.65,94.92,707.76,97.96,41.53,66.28,6.45,IRRIGATE
37.55,36.02,25.58,51.14,483.53,186.51,101.11,130.55,6.07,DO_NOTHING
71.34,15.88,38.64,60.89,498.25,116.92,103.44,22.3,7.47,WAIT
43.51,22.89,19.59,55.76,596.32,97.75,105.01,95.76,7.7,DO_NOTHING
54.95,33.57,18.84,52.81,436.85,131.74,130.56,34.1,5.39,WAIT
73.77,19.9,33.39,63.0,932.89,40.64,28.17,120.23,7.66,WAIT
41.12,22.52,31.77,90.13,936.93,219.07,13.16,40.31,6.78,FERTIGATE
71.54,21.56,22.22,80.09,156.38,90.72,80.81,120.86,7.09,WAIT
36.61,29.09,31.22,63.33,740.48,68.19,21.85,41.47,5.78,FERTIGATE
47.51,34.33,34.23,80.23,450.98,97.95,65.12,54.54,5.36,DO_NOTHING
54.32,37.75,20.34,28.27,879.53,66.78,126.15,146.71,7.66,DO_NOTHING
40.67,30.23,28.09,69.14,549.6,53.67,81.11,115.15,7.31,DO_NOTHING
65.16,30.27,18.95,75.44,600.31,198.29,138.78,29.93,7.33,FERTIGATE
12.83,23.44,30.1,35.37,846.31,16.71,33.6,124.54,7.06,IRRIGATE
78.75,31.23,33.47,52.6,101.28,39.63,84.84,141.52,6.29,WAIT
64.8,27.0,17.93,38.44,940.0,163.61,135.27,41.16,7.77,DO_NOTHING
25.71,15.27,41.93,44.68,768.02,51.22,91.23,182.73,6.03,IRRIGATE
60.27,19.32,32.24,48.55,311.21,79.2,35.04,182.34,6.23,DO_NOTHING
28.4,25.31,24.33,77.11,1071.22,104.8,130.54,121.86,5.61,IRRIGATE
61.8,26.81,32.92,87.28,540.43,199.74,115.09,107.95,6.77,DO_NOTHING
34.42,37.62,33.35,28.07,426.62,142.78,17.89,24.3,6.37,IRRIGATE
34.95,25.08,22.83,36.53,789.14,120.49,38.02,77.53,6.74,IRRIGATE
15.42,18.39,17.9,81.86,852.41,169.43,110.29,140.49,6.44,IRRIGATE
58.17,15.88,32.16,79.45,600.36,88.29,48.84,135.7,7.0,DO_NOTHING
75.32,22.87,36.01,64.29,982.84,123.2,82.47,124.02,7.15,WAIT
82.35,16.69,17.39,90.63,629.88,141.06,77.54,36.86,7.2,WAIT
66.04,22.17,23.96,83.65,172.36,195.63,45.93,126.74,7.63,DO_NOTHING
60.86,24.53,33.93,49.08,377.26,219.32,115.11,136.05,6.12,DO_NOTHING
13.69,15.71,30.41,78.34,637.38,187.36,14.68,86.02,5.82,IRRIGATE
43.55,16.66,40.81,40.63,1022.31,102.31,147.97,119.73,7.62,DO_NOTHING
10.4,32.21,39.48,34.78,196.13,102.04,140.72,117.63,6.57,IRRIGATE
20.58,15.02,37.06,31.13,733.85,202.5,39.21,139.75,5.4,IRRIGATE
55.28,18.77,35.13,46.09,563.39,137.88,33.98,153.49,5.99,DO_NOTHING
59.68,18.64,33.89,33.97,525.36,65.68,114.77,67.17,7.49,DO_NOTHING
76.89,19.52,31.96,31.14,491.54,161.23,102.32,132.45,5.93,WAIT
38.35,17.37,34.69,60.27,808.77,66.03,55.42,80.16,5.27,DO_NOTHING
35.58,33.48,39.33,61.28,555.5,21.32,133.09,22.34,7.66,WAIT
46.69,22.86,40.03,26.71,681.42,127.53,40.7,97.2,6.9,DO_NOTHING
64.53,15.02,40.36,36.52,333.58,69.01,15.29,42.15,7.76,WAIT
33.64,17.65,18.78,75.36,954.57,67.68,12.93,60.16,5.35,IRRIGATE
17.75,24.92,21.98,61.12,353.49,207.81,136.83,122.03,6.12,IRRIGATE
38.59,24.47,34.92,56.61,956.73,208.54,57.03,120.93,5.45,DO_NOTHING
25.04,24.51,21.36,86.36,258.29,108.41,94.8,144.54,6.2,IRRIGATE
75.18,28.07,27.43,29.71,564.69,183.25,96.04,169.79,6.48,WAIT
18.88,15.31,23.88,73.86,890.26,75.63,79.39,95.8,6.27,IRRIGATE
27.35,18.14,21.11,28.87,298.13,16.89,97.82,76.95,7.73,IRRIGATE
24.53,22.95,25.3,25.59,939.21,21.56,141.63,180.57,6.59,IRRIGATE
50.77,30.04,26.06,70.31,144.77,26.08,74.01,118.93,7.51,WAIT
17.85,33.92,21.46,52.59,416.6,97.03,31.07,110.64,7.28,IRRIGATE
43.12,26.28,38.07,74.42,590.45,67.83,133.89,123.86,5.77,DO_NOTHING
30.18,33.47,17.15,94.45,230.35,178.19,65.27,108.6,7.49,IRRIGATE
40.97,27.36,17.28,25.16,344.8,154.52,26.98,40.48,6.27,WAIT
58.59,31.38,20.64,30.57,1040.4,68.44,129.47,175.43,7.21,DO_NOTHING
22.66,33.9,36.0,66.77,437.2,68.81,27.06,111.76,6.72,IRRIGATE
36.95,25.93,25.45,69.87,1001.26,48.6,63.4,45.36,6.82,WAIT
64.67,36.43,23.25,91.51,163.26,138.62,18.0,180.88,6.58,FERTIGATE
60.2,34.13,19.91,27.7,978.88,79.56,28.06,104.32,6.76,WAIT
12.32,21.32,16.85,54.42,995.1,216.44,99.19,49.09,7.56,IRRIGATE
48.72,18.54,39.96,78.02,831.71,160.38,38.05,57.98,6.99,DO_NOTHING
26.48,25.09,36.33,79.88,553.26,177.4,127.41,137.86,5.79,IRRIGATE
30.55,22.24,19.04,44.12,309.52,108.34,137.18,38.81,7.07,IRRIGATE
61.55,17.2,39.99,64.79,463.73,170.09,46.03,144.83,5.3,DO_NOTHING
72.96,25.31,32.55,40.49,777.07,173.31,76.25,131.19,6.39,WAIT
77.06,26.45,37.89,81.09,510.5,62.17,66.85,168.72,5.79,WAIT
49.33,33.54,25.19,69.95,345.63,37.4,121.21,37.81,5.91,FERTIGATE
74.13,22.97,41.3,93.58,368.28,23.4,108.71,101.18,5.46,WAIT
63.06,15.72,38.63,34.71,227.31,51.01,144.44,144.77,7.28,DO_NOTHING
39.82,22.74,22.1,58.65,651.83,144.51,46.0,190.76,5.64,DO_NOTHING
82.42,15.34,28.51,48.34,549.12,131.99,70.98,94.67,7.11,WAIT
61.44,34.17,22.5,67.67,685.19,90.8,78.05,76.48,5.57,DO_NOTHING
26.04,17.43,33.76,71.25,1050.61,164.58,17.29,179.16,7.44,IRRIGATE
43.25,28.47,41.38,62.26,1005.32,32.02,36.75,99.34,6.72,WAIT
71.22,37.73,26.11,28.32,901.17,138.9,37.8,109.07,7.13,WAIT
67.78,26.49,23.94,93.16,763.36,98.69,49.26,151.6,5.83,DO_NOTHING
22.88,27.19,23.54,69.02,217.94,149.26,49.66,20.04,5.53,IRRIGATE
80.02,34.95,22.07,79.49,708.57,214.04,62.3,142.66,5.37,WAIT
39.72,37.17,30.01,45.15,220.27,159.22,100.28,87.31,7.67,DO_NOTHING
11.67,21.99,39.95,47.47,352.25,124.52,125.33,38.57,7.65,IRRIGATE
69.63,19.17,34.51,51.95,502.29,175.57,144.79,42.8,6.29,WAIT
46.07,23.66,25.44,28.66,785.54,104.42,37.27,166.89,7.29,DO_NOTHING
46.48,21.86,32.59,45.17,336.01,164.76,15.65,37.06,5.22,WAIT
21.47,16.59,41.89,45.22,249.27,64.4,141.06,113.63,6.15,IRRIGATE
75.5,24.08,24.71,39.51,477.8,79.92,104.82,72.12,6.7,WAIT
14.94,19.4,26.59,90.59,477.25,151.14,45.71,42.87,5.35,IRRIGATE
32.91,18.63,20.52,78.25,115.84,129.35,63.12,111.18,6.66,IRRIGATE
33.5,21.79,35.07,85.99,292.58,35.01,135.69,82.98,6.63,IRRIGATE
36.97,17.89,31.32,61.76,302.99,107.63,121.57,126.28,5.45,DO_NOTHING
51.1,31.16,36.61,69.04,252.66,160.59,104.83,24.4,6.27,WAIT
34.97,30.4,21.62,66.36,1013.21,178.55,139.0,196.13,5.23,IRRIGATE
56.71,24.5,38.36,42.63,1081.03,140.81,121.1,35.41,5.68,WAIT
66.88,15.51,37.24,25.98,757.12,89.84,95.61,145.29,6.09,DO_NOTHING
18.1,16.6,31.31,61.45,842.2,119.5,69.14,91.66,5.27,IRRIGATE
35.17,37.45,38.71,48.06,687.8,188.7,71.78,23.23,5.39,WAIT
48.28,37.3,34.02,29.96,289.36,173.12,127.8,131.19,6.88,DO_NOTHING
12.13,34.06,36.5,43.13,808.68,59.05,15.65,56.2,5.66,IRRIGATE
35.33,24.62,29.22,58.37,370.67,20.98,94.71,91.23,5.98,FERTIGATE
75.02,32.18,38.3,59.65,230.93,157.73,38.85,99.42,5.37,WAIT
71.9,17.9,39.48,85.5,564.58,167.6,96.72,164.55,6.32,WAIT
68.94,25.64,40.47,59.05,562.62,175.94,125.02,119.81,5.67,WAIT
45.08,37.27,35.58,81.78,132.83,110.91,100.53,169.41,5.33,DO_NOTHING
73.93,27.61,21.13,47.21,381.93,123.83,17.24,48.54,7.31,WAIT
19.95,20.37,27.79,61.2,863.61,106.7,120.58,131.3,5.49,IRRIGATE
21.72,25.05,26.32,77.05,680.74,94.57,33.91,60.83,6.7,IRRIGATE
41.76,26.84,20.44,71.4,952.54,67.88,78.81,195.59,6.07,DO_NOTHING
54.63,17.07,31.76,31.27,1059.24,161.71,120.34,146.74,6.73,DO_NOTHING
43.74,34.74,40.88,59.93,1031.54,134.58,85.37,101.81,5.74,DO_NOTHING
10.28,20.55,29.25,51.6,548.49,216.03,59.04,101.39,5.55,IRRIGATE
13.6,32.83,30.84,78.25,249.86,132.22,45.51,61.05,5.23,IRRIGATE
19.78,22.11,19.04,94.01,408.63,41.72,37.87,125.79,5.37,IRRIGATE
74.68,37.11,22.42,56.51,122.13,146.35,67.95,68.61,5.74,WAIT
59.05,24.57,20.67,73.24,665.07,191.03,26.45,161.42,6.95,FERTIGATE
18.63,30.98,27.48,91.15,241.61,146.78,63.48,192.23,6.06,IRRIGATE
82.16,35.73,23.03,81.25,1095.6,66.8,71.15,113.63,5.97,WAIT
11.14,20.06,23.33,56.05,271.1,194.02,108.69,35.34,6.89,IRRIGATE
59.02,36.99,16.08,42.36,1027.79,206.09,110.88,157.84,5.44,DO_NOTHING
48.54,20.33,20.71,81.72,235.04,111.07,141.4,53.45,7.74,DO_NOTHING
84.57,27.78,20.42,47.13,524.49,78.41,49.29,195.0,5.6,WAIT
65.0,15.01,31.5,89.12,387.93,53.03,101.24,148.27,6.99,DO_NOTHING
33.95,20.8,40.85,89.63,557.32,188.47,73.33,96.39,5.61,IRRIGATE
41.98,27.36,16.59,56.09,881.36,154.41,98.92,183.72,5.25,DO_NOTHING
51.78,33.11,30.07,47.67,236.25,196.95,75.91,178.06,6.72,DO_NOTHING
60.56,33.5,33.14,52.86,613.63,179.62,62.31,89.86,5.45,DO_NOTHING
78.59,17.09,32.85,53.92,505.62,154.31,19.39,126.87,7.21,WAIT
72.12,18.92,39.33,70.93,981.85,114.48,85.88,185.43,7.54,WAIT
43.61,21.31,26.22,52.14,386.87,70.06,130.55,32.58,6.96,FERTIGATE
22.96,22.92,17.6,43.9,868.42,196.43,41.01,103.44,6.42,IRRIGATE
75.52,32.54,29.34,71.95,947.36,16.96,66.4,183.3,7.12,WAIT
50.71,27.18,25.04,61.44,755.38,100.76,109.98,175.02,5.6,DO_NOTHING
43.87,24.38,33.87,42.49,740.25,194.89,68.54,183.98,7.78,DO_NOTHING
17.96,20.36,40.71,92.08,197.71,18.07,32.55,199.28,5.67,IRRIGATE
47.69,34.51,16.53,67.31,377.03,191.78,49.68,143.62,6.95,DO_NOTHING
26.61,15.8,26.64,45.24,908.98,179.07,73.98,129.17,6.77,IRRIGATE
72.04,24.78,23.16,43.55,636.19,107.08,71.62,36.4,7.07,WAIT
26.03,19.53,26.73,40.94,683.86,91.15,72.85,116.69,5.73,IRRIGATE
21.68,35.25,27.28,53.85,135.61,117.09,87.58,120.59,7.04,IRRIGATE
23.31,20.8,37.08,91.3,235.93,117.02,39.98,30.81,6.05,IRRIGATE
20.78,31.33,29.88,35.07,109.24,180.67,34.67,129.12,6.08,IRRIGATE
53.91,22.26,18.26,40.61,288.06,102.74,102.16,67.49,5.23,DO_NOTHING
48.92,28.93,41.03,66.26,571.17,132.55,139.91,169.11,6.04,DO_NOTHING
27.79,21.04,29.11,77.08,603.22,28.9,111.3,165.07,5.95,IRRIGATE
59.81,24.81,39.12,84.17,625.43,156.76,133.67,109.23,6.01,DO_NOTHING
66.52,20.06,26.1,85.6,824.42,97.78,40.06,84.07,5.94,DO_NOTHING
23.21,32.1,22.55,56.79,485.86,216.33,64.75,34.4,5.43,IRRIGATE
54.31,28.79,26.89,55.23,153.93,120.89,80.66,46.92,5.47,DO_NOTHING
19.27,17.32,31.85,38.75,351.43,50.58,144.1,173.83,5.8,IRRIGATE
34.57,19.83,28.79,26.37,771.37,122.25,135.81,49.59,7.29,IRRIGATE
69.4,17.93,26.36,36.91,354.72,68.97,87.87,94.05,7.66,WAIT
19.48,37.39,22.0,79.1,438.97,44.33,130.1,75.59,6.91,IRRIGATE
52.48,25.85,28.89,76.26,187.77,151.98,135.41,30.4,5.57,FERTIGATE
63.75,25.06,26.49,34.59,606.77,40.94,76.73,157.45,5.87,WAIT
46.06,37.82,33.85,83.89,514.85,172.41,15.67,42.12,5.73,FERTIGATE
40.15,34.45,25.0,70.82,809.31,135.17,60.01,123.87,6.09,DO_NOTHING
16.29,37.83,19.31,30.06,978.53,76.88,101.04,79.22,6.22,IRRIGATE
29.66,22.89,26.68,75.43,611.54,208.43,15.86,110.55,6.72,IRRIGATE
79.01,16.13,30.91,84.75,341.93,194.64,12.67,151.84,7.63,WAIT
59.29,25.1,17.17,89.41,570.3,20.94,106.57,106.73,5.52,FERTIGATE
26.07,16.48,30.93,68.54,605.74,182.51,130.54,130.81,5.23,IRRIGATE
62.14,24.61,30.7,70.44,450.24,203.01,28.76,140.87,5.21,WAIT
79.35,17.59,18.47,48.31,473.57,58.93,91.92,99.72,5.29,WAIT
33.97,33.64,33.93,75.74,798.12,78.75,23.95,69.04,7.36,IRRIGATE
83.54,26.36,16.25,34.8,422.08,133.61,20.51,189.8,6.15,WAIT
78.44,32.95,35.64,67.47,726.78,145.79,98.02,119.67,7.76,WAIT
64.92,32.87,38.68,40.09,183.8,113.99,81.97,169.25,6.35,DO_NOTHING
52.81,27.12,16.99,68.07,928.04,47.29,93.21,126.85,5.63,FERTIGATE
19.26,37.54,26.24,40.92,271.32,151.86,95.32,135.84,5.43,IRRIGATE
77.02,23.95,24.15,57.37,490.07,192.03,140.1,74.62,7.45,WAIT
68.61,36.41,22.39,65.39,374.54,183.94,10.75,121.67,6.08,WAIT
34.2,29.83,38.14,67.64,953.17,69.24,82.73,101.1,5.23,IRRIGATE
51.76,30.22,31.39,76.54,671.34,28.68,26.3,127.37,5.91,FERTIGATE
15.97,24.88,30.41,48.01,820.43,146.97,56.59,155.88,6.89,IRRIGATE
57.81,27.73,16.3,73.76,476.04,208.23,124.52,125.79,5.86,DO_NOTHING
25.28,22.83,28.39,45.72,614.93,48.9,146.88,39.43,7.62,IRRIGATE
78.52,27.08,34.85,55.52,730.03,84.82,52.16,124.08,6.5,WAIT
53.47,21.59,25.54,30.87,152.28,66.96,20.39,38.68,7.31,WAIT
12.92,30.16,23.09,86.01,584.99,77.64,82.47,88.75,6.67,IRRIGATE
18.59,37.93,27.06,49.38,810.21,89.6,126.66,101.77,7.07,IRRIGATE
18.06,34.46,35.13,39.82,245.29,79.84,146.65,66.23,6.39,IRRIGATE
12.25,24.14,30.85,91.72,616.74,182.92,86.6,27.34,6.02,IRRIGATE
53.17,36.86,38.34,40.98,320.11,56.24,139.15,173.48,7.21,DO_NOTHING
39.46,26.6,28.07,42.74,605.03,21.25,28.45,179.59,7.15,FERTIGATE
41.72,26.89,25.62,76.85,884.19,171.47,111.17,56.81,6.08,DO_NOTHING
45.24,22.61,35.63,48.05,238.23,96.8,147.19,60.66,6.79,DO_NOTHING
42.47,16.63,28.68,74.15,613.22,193.78,50.45,35.52,7.64,WAIT
38.36,28.26,36.59,47.7,816.16,42.76,50.78,46.05,7.31,WAIT
26.7,31.5,40.53,61.94,640.03,109.51,55.62,105.62,6.77,IRRIGATE
83.95,36.57,38.42,87.24,567.85,149.78,135.31,90.73,7.7,WAIT
41.18,28.82,34.45,91.54,344.62,167.96,82.91,68.34,7.22,DO_NOTHING
51.42,30.2,24.4,58.69,717.35,98.01,37.77,193.1,6.53,DO_NOTHING
65.04,24.45,25.23,53.5,509.2,126.56,86.09,109.49,5.55,DO_NOTHING
47.21,18.89,19.28,90.29,704.95,150.2,66.25,183.62,6.86,DO_NOTHING
67.69,23.48,40.96,82.43,953.95,50.3,47.93,71.41,5.9,DO_NOTHING
74.16,15.73,17.98,44.17,299.87,62.53,121.71,121.36,5.22,WAIT
42.2,24.38,18.96,72.33,802.1,162.78,111.99,20.01,7.68,WAIT
71.07,35.79,16.41,90.37,909.79,186.63,23.06,152.98,7.7,WAIT
60.89,28.12,40.59,56.01,699.29,112.65,140.6,33.7,6.5,WAIT
61.52,33.21,31.16,88.62,1041.99,28.19,66.33,24.22,6.06,WAIT
50.27,35.95,38.01,33.92,193.03,135.8,84.5,67.95,7.54,DO_NOTHING
79.55,24.26,39.15,51.88,836.82,112.57,27.16,187.03,6.38,WAIT
65.09,23.44,16.49,32.04,596.22,156.44,56.86,145.19,7.02,DO_NOTHING
62.8,26.33,39.79,59.24,550.27,55.87,53.07,27.62,6.85,WAIT
28.64,22.0,36.04,47.91,342.2,49.66,118.48,43.35,6.38,IRRIGATE
48.02,30.81,32.47,81.75,144.75,75.77,49.22,46.28,5.95,DO_NOTHING
33.23,27.0,33.26,51.68,819.47,83.91,50.64,117.41,5.26,IRRIGATE
15.98,24.61,40.52,75.51,188.13,188.5,112.52,129.97,7.33,IRRIGATE
40.31,20.09,29.31,63.42,638.33,130.84,142.82,182.4,7.48,DO_NOTHING
70.11,36.7,18.56,43.56,595.06,188.54,80.72,154.65,5.56,WAIT
28.93,31.83,20.28,49.59,364.87,86.72,109.17,86.21,6.64,IRRIGATE
17.49,33.52,25.62,70.4,825.39,57.98,133.85,130.92,6.31,IRRIGATE
23.68,36.67,35.63,39.56,437.71,180.98,107.39,157.84,6.35,IRRIGATE
63.74,23.89,21.49,69.29,1076.01,78.67,74.54,141.32,6.61,DO_NOTHING
73.26,32.52,17.52,94.89,852.4,192.1,101.17,174.13,5.49,WAIT
36.08,35.16,21.24,30.48,888.12,186.27,32.77,173.78,6.99,DO_NOTHING
49.01,34.1,26.9,38.58,384.85,118.56,84.39,165.0,7.26,DO_NOTHING
53.6,32.96,20.99,28.5,973.63,30.49,44.54,145.16,6.26,WAIT
75.72,21.85,16.31,46.05,678.08,92.07,84.88,177.79,7.57,WAIT
29.95,25.63,30.28,91.44,1098.62,63.26,111.78,88.05,5.22,IRRIGATE
10.69,25.59,28.7,26.58,786.93,75.27,88.39,74.17,5.63,IRRIGATE
40.54,20.34,29.9,38.92,608.41,47.26,103.94,155.71,5.49,WAIT
45.09,16.63,31.55,43.51,627.62,121.08,139.41,118.83,6.72,DO_NOTHING
40.12,36.83,36.21,44.98,944.21,103.64,126.01,168.12,5.69,DO_NOTHING
62.59,21.68,23.73,45.74,825.57,62.11,10.13,148.74,5.65,FERTIGATE
17.84,20.46,25.88,58.31,144.57,213.97,110.25,78.17,6.03,IRRIGATE
43.64,29.4,19.81,38.23,959.43,67.53,63.23,176.83,6.92,DO_NOTHING
35.63,30.73,16.51,76.49,587.02,181.7,143.65,186.64,7.56,DO_NOTHING
48.41,23.28,28.09,73.29,984.0,57.43,138.55,166.73,7.75,DO_NOTHING
76.02,21.44,18.75,32.86,391.22,140.91,122.6,181.87,6.82,WAIT
10.42,19.29,18.59,50.43,601.35,23.9,58.79,52.25,6.88,IRRIGATE
44.82,26.39,27.12,91.92,314.74,120.92,113.04,120.23,7.62,DO_NOTHING
38.35,25.66,18.3,67.63,388.21,47.86,86.23,115.82,5.4,WAIT
62.37,29.35,20.91,57.86,820.32,123.53,65.37,78.02,6.79,DO_NOTHING
80.43,30.45,17.94,57.25,990.82,34.36,148.44,190.83,5.4,WAIT
80.01,23.35,37.96,54.29,540.86,145.02,118.43,26.08,6.74,WAIT
24.0,22.96,25.05,57.83,434.14,37.01,30.39,26.02,6.42,IRRIGATE
81.58,17.66,40.6,76.34,737.5,147.28,125.74,39.25,6.51,WAIT
62.28,28.5,37.65,30.06,790.7,124.48,63.08,81.25,6.81,DO_NOTHING
76.82,26.41,37.44,53.15,202.39,27.61,17.19,88.43,6.08,WAIT
63.85,32.08,17.32,40.48,374.26,127.26,30.23,44.11,7.65,DO_NOTHING
70.32,19.16,26.57,49.89,891.0,119.59,27.9,153.02,6.23,WAIT
29.72,23.64,28.94,49.02,341.91,96.69,12.68,159.05,5.64,IRRIGATE
13.29,30.04,36.12,81.97,593.51,57.1,113.21,145.95,5.84,IRRIGATE
77.76,17.4,41.55,85.22,787.9,207.44,111.12,54.28,6.35,WAIT
15.36,23.96,35.28,52.05,430.29,137.05,132.11,28.56,6.2,IRRIGATE
21.87,30.99,18.75,71.54,386.18,55.78,141.09,23.33,6.34,IRRIGATE
11.62,26.12,29.03,47.52,232.16,92.16,104.12,160.83,6.58,IRRIGATE
54.24,19.61,23.47,36.33,349.3,61.1,82.72,121.28,7.66,DO_NOTHING
24.67,29.76,37.25,64.22,355.0,68.82,15.5,74.98,7.14,IRRIGATE
13.56,20.04,34.36,79.79,555.32,158.11,64.31,48.78,6.24,IRRIGATE
53.5,36.81,17.79,60.52,428.92,119.2,13.36,76.34,7.33,FERTIGATE
51.55,25.36,23.42,45.86,483.1,186.29,145.41,98.96,6.22,DO_NOTHING
73.49,24.82,30.35,41.17,843.5,124.06,123.26,160.53,5.76,WAIT
63.67,33.4,25.0,37.08,102.63,107.44,59.34,119.88,5.69,DO_NOTHING
74.47,20.93,21.89,58.65,598.85,59.09,48.06,50.55,7.07,WAIT
67.76,25.63,34.57,76.52,238.28,213.07,124.94,56.81,5.68,DO_NOTHING
19.42,18.18,35.45,57.88,882.93,167.98,94.65,143.55,5.25,IRRIGATE
33.38,29.67,16.24,27.31,951.89,155.23,47.15,143.83,7.26,IRRIGATE
33.01,15.83,40.25,49.16,206.48,115.83,117.59,59.9,5.9,IRRIGATE
28.2,37.81,21.13,65.29,1025.26,45.11,145.92,190.55,7.5,IRRIGATE
26.09,29.58,35.78,94.02,280.42,172.04,57.43,51.61,6.3,IRRIGATE
69.54,25.69,29.98,94.66,499.11,141.16,61.13,90.7,7.01,WAIT
80.34,27.47,35.98,31.24,311.16,117.94,12.8,65.51,6.55,WAIT
11.12,21.08,29.36,65.12,1025.75,147.3,68.06,187.46,7.24,IRRIGATE
25.0,18.01,33.57,64.19,889.67,166.46,97.53,197.55,6.59,IRRIGATE
18.48,34.05,22.55,79.41,1057.11,157.84,93.44,102.87,6.15,IRRIGATE
36.48,29.64,35.53,72.5,298.41,116.27,120.83,105.63,6.6,DO_NOTHING
67.84,30.21,26.64,87.68,262.57,219.08,26.64,22.69,7.51,WAIT
28.37,31.78,37.09,85.13,1091.59,75.28,109.43,40.77,6.26,IRRIGATE
73.6,23.46,31.37,60.26,745.95,214.44,17.8,123.31,7.44,WAIT
46.1,16.81,30.57,48.25,254.94,189.05,83.02,187.99,7.3,DO_NOTHING
61.97,15.12,27.12,38.82,1010.8,50.79,50.05,113.03,5.88,DO_NOTHING
25.74,28.78,18.31,29.07,472.25,162.74,87.67,96.12,6.67,IRRIGATE
37.41,36.53,17.43,72.14,991.28,179.8,35.77,73.27,7.06,DO_NOTHING
16.32,33.67,34.69,76.07,200.24,162.14,105.17,169.57,5.31,IRRIGATE
11.73,23.58,19.87,64.09,1017.35,95.25,128.29,20.04,5.64,IRRIGATE
12.28,22.55,39.61,31.79,706.41,107.56,141.39,42.05,5.75,IRRIGATE
12.22,24.98,23.22,85.89,704.94,140.89,84.47,36.53,6.36,IRRIGATE
84.96,34.21,39.23,82.63,203.04,61.63,10.44,74.63,5.48,WAIT
45.46,30.57,38.74,77.45,1038.59,26.05,11.71,139.04,5.95,WAIT
29.01,22.61,23.01,60.8,540.15,120.05,104.18,89.68,5.85,IRRIGATE
22.47,23.04,35.29,77.97,766.91,62.98,92.33,122.72,6.46,IRRIGATE
51.25,26.31,30.7,75.09,209.63,168.67,29.02,31.99,7.74,WAIT
81.77,16.39,27.52,38.04,585.34,185.19,143.09,134.17,6.12,WAIT
55.25,22.18,39.66,85.93,658.23,81.58,51.07,26.02,7.32,WAIT
43.78,22.48,28.25,82.31,224.61,190.82,135.65,190.41,6.23,DO_NOTHING
26.29,23.59,24.66,37.33,707.27,112.71,131.2,25.78,6.87,IRRIGATE
67.22,32.47,39.04,76.03,1027.81,83.19,80.45,22.53,5.22,WAIT
28.01,17.32,22.77,37.39,128.52,201.41,11.15,152.49,5.6,IRRIGATE
78.42,35.53,33.0,72.06,105.34,216.9,132.9,181.12,6.91,WAIT
35.86,35.55,23.58,64.39,199.73,204.0,29.71,60.48,6.65,FERTIGATE
67.31,29.25,22.04,25.07,857.15,216.97,123.39,102.84,7.55,DO_NOTHING
40.74,27.07,28.41,56.33,875.19,122.99,54.34,66.47,5.3,DO_NOTHING
53.74,20.29,19.85,70.77,781.21,169.19,80.5,180.93,7.63,DO_NOTHING
70.55,29.62,23.9,93.81,374.14,56.54,71.9,30.23,7.74,WAIT
54.13,27.81,33.05,59.79,132.06,140.52,110.26,95.01,7.17,DO_NOTHING
27.03,20.09,20.2,51.04,947.01,184.72,63.6,126.04,7.07,IRRIGATE
28.09,18.87,41.27,68.23,1081.42,84.24,108.42,60.07,5.88,IRRIGATE
48.39,22.35,20.36,43.4,135.75,159.41,78.9,36.96,5.65,FERTIGATE
17.69,29.09,18.45,77.8,120.51,66.12,134.69,149.34,5.39,IRRIGATE
71.58,26.34,38.02,67.05,781.83,218.67,42.53,132.31,6.4,WAIT
12.96,15.33,19.1,70.44,667.16,128.45,14.46,104.47,7.6,IRRIGATE
39.82,29.37,36.28,79.87,619.28,190.88,64.79,179.96,5.82,DO_NOTHING
31.02,16.22,36.69,54.19,329.12,62.52,136.2,170.1,6.64,IRRIGATE
56.21,25.91,26.18,89.08,225.61,100.78,58.24,109.67,6.39,DO_NOTHING
48.92,18.22,29.34,41.97,284.33,28.29,116.77,96.94,6.83,FERTIGATE
64.57,30.62,28.23,52.15,475.96,146.21,79.27,172.84,7.47,DO_NOTHING
22.79,18.13,32.39,46.09,118.57,197.17,41.77,187.27,7.07,IRRIGATE
67.2,19.63,22.09,61.49,272.1,77.61,55.0,48.73,5.73,DO_NOTHING
69.14,18.85,16.74,69.05,1075.98,82.9,26.61,122.67,7.56,WAIT
68.8,29.32,24.19,62.93,191.24,154.18,111.51,193.71,5.88,WAIT
11.38,27.55,34.38,80.33,293.74,68.66,81.76,79.51,7.44,IRRIGATE
45.53,33.39,31.1,79.12,432.67,185.44,48.44,118.3,5.76,DO_NOTHING
45.66,22.32,22.93,92.69,260.07,176.4,147.78,23.58,7.02,FERTIGATE
28.97,15.93,26.48,90.47,111.77,135.52,80.2,177.21,5.42,IRRIGATE
61.11,30.64,33.4,90.96,923.09,23.6,75.95,91.63,6.01,FERTIGATE
43.85,23.84,27.24,93.55,188.63,204.06,77.23,132.27,7.36,DO_NOTHING
37.03,24.9,26.65,51.23,1025.53,184.93,25.26,39.46,6.31,WAIT
17.4,29.24,19.74,61.57,107.22,79.9,104.81,107.13,7.74,IRRIGATE
75.56,23.26,17.18,84.19,1011.23,183.23,27.91,199.62,5.87,WAIT
64.32,35.88,22.13,88.58,409.48,215.16,49.38,191.62,5.34,DO_NOTHING
63.2,27.24,28.42,40.64,805.6,54.12,87.4,65.58,7.68,DO_NOTHING
12.15,19.59,22.3,53.98,332.73,115.73,132.15,148.17,6.71,IRRIGATE
16.68,30.96,20.33,80.05,350.06,100.49,59.07,174.59,5.53,IRRIGATE
52.42,18.27,34.32,88.36,534.61,115.06,139.84,113.78,6.47,DO_NOTHING
53.37,30.85,18.78,82.48,535.51,29.83,120.07,87.85,5.46,WAIT
57.53,35.24,39.08,92.04,967.71,15.44,63.23,167.34,6.15,WAIT
55.12,28.95,25.49,88.31,603.23,110.28,149.65,108.83,5.66,DO_NOTHING
48.48,33.72,36.2,80.2,808.02,67.11,130.69,180.82,5.7,DO_NOTHING
19.78,37.44,38.58,87.53,986.38,126.05,100.5,118.17,5.33,IRRIGATE
65.91,26.62,32.84,60.18,591.81,50.22,49.02,48.59,5.71,DO_NOTHING
82.97,18.52,23.0,66.34,710.18,46.56,121.12,161.34,5.82,WAIT
31.65,36.57,37.47,73.85,182.23,100.74,88.3,53.73,6.37,IRRIGATE
55.08,22.53,36.3,83.83,423.61,186.92,24.5,170.79,5.6,WAIT
16.22,29.76,28.27,88.55,463.19,73.87,80.1,102.07,6.1,IRRIGATE
62.03,32.47,38.18,93.1,366.66,161.8,65.2,141.87,6.44,DO_NOTHING
84.53,31.76,40.76,83.45,1002.9,181.96,74.28,65.32,6.16,WAIT
11.52,27.05,29.13,61.77,1074.03,201.85,32.64,86.4,6.3,IRRIGATE
37.04,33.37,29.62,65.05,953.01,180.22,28.51,148.5,6.33,WAIT
32.1,16.15,28.67,49.88,351.51,157.41,117.73,64.06,5.33,IRRIGATE
73.66,15.23,40.36,68.93,421.85,65.53,11.26,62.38,5.56,WAIT
55.91,18.83,29.74,66.31,398.04,22.19,15.22,24.74,7.12,FERTIGATE
33.85,33.31,27.23,56.71,612.88,161.17,48.29,41.89,6.65,IRRIGATE
34.52,25.18,32.82,59.59,720.28,126.56,113.57,147.07,6.59,IRRIGATE
60.92,35.09,27.24,53.89,864.25,134.42,19.94,180.58,5.28,WAIT
66.13,32.45,40.78,28.79,696.86,102.71,56.29,36.26,6.66,WAIT
45.93,17.4,31.92,76.66,867.28,200.6,67.33,191.55,7.45,DO_NOTHING
32.24,18.66,27.32,53.13,675.72,134.59,115.0,111.78,5.47,IRRIGATE
74.37,22.12,41.25,33.25,1058.25,33.66,42.35,28.38,7.03,WAIT
73.77,24.98,40.14,66.32,730.01,188.31,51.55,83.77,7.56,WAIT
77.57,37.46,39.45,33.92,923.72,99.02,148.71,105.01,6.64,WAIT
49.73,22.4,17.95,87.7,902.68,43.6,118.75,132.65,6.26,FERTIGATE
29.05,34.77,34.2,63.34,709.57,33.67,76.35,54.87,5.74,IRRIGATE
59.6,35.96,26.5,39.54,748.75,193.59,114.76,176.38,6.6,DO_NOTHING
66.39,18.22,25.06,52.27,611.3,205.46,132.4,44.21,5.65,DO_NOTHING
36.82,21.69,31.98,88.19,1062.29,148.99,127.34,114.54,5.74,DO_NOTHING
49.35,27.77,35.3,40.39,468.31,89.63,144.32,99.91,7.16,DO_NOTHING
66.31,21.11,30.87,87.6,575.2,208.75,40.02,33.35,7.52,WAIT
73.58,37.83,33.66,90.57,926.95,188.11,89.68,88.83,7.63,WAIT
42.41,27.39,27.6,64.54,570.51,24.83,133.49,99.99,6.73,FERTIGATE
20.44,15.08,22.38,74.32,199.19,201.32,40.1,56.83,5.67,IRRIGATE
11.05,32.75,38.75,67.99,288.2,73.48,76.63,191.78,5.84,IRRIGATE
64.87,25.11,23.74,56.91,171.21,178.73,44.06,150.57,5.38,DO_NOTHING
81.63,19.44,38.95,81.66,1067.86,112.97,111.84,86.73,5.68,WAIT
43.23,18.81,41.53,31.74,689.21,143.43,85.33,139.19,5.5,DO_NOTHING
51.63,21.61,40.44,78.35,1072.51,22.7,49.92,55.18,5.23,WAIT
28.17,30.61,22.01,60.63,987.82,157.22,65.25,87.04,6.38,IRRIGATE
23.28,29.58,25.47,84.67,856.55,140.16,60.99,57.79,7.22,IRRIGATE
46.48,20.17,21.07,36.58,877.16,61.94,83.73,101.28,6.71,DO_NOTHING
75.79,34.96,27.73,26.08,526.44,139.27,88.09,137.24,5.6,WAIT
58.49,19.2,35.51,48.74,809.9,24.81,67.1,146.91,5.79,WAIT
69.65,29.51,31.28,49.75,582.45,137.46,76.14,145.7,6.33,WAIT
25.17,19.92,16.15,46.07,848.92,177.8,38.35,192.63,6.51,IRRIGATE
78.77,31.26,34.78,30.95,319.99,16.81,110.26,82.0,7.25,WAIT
35.42,33.84,19.4,37.14,440.88,98.74,58.82,157.46,5.45,DO_NOTHING
36.34,34.26,17.74,90.96,1086.32,33.16,50.78,87.03,7.22,WAIT
54.69,29.82,35.7,33.26,933.21,159.65,90.83,180.15,7.02,DO_NOTHING
25.13,24.88,28.85,28.87,1054.64,41.36,107.64,111.12,5.27,IRRIGATE
79.36,34.59,29.63,41.03,221.62,89.5,45.76,111.2,7.71,WAIT
53.12,35.47,32.92,58.27,954.61,111.63,131.61,72.48,5.53,DO_NOTHING
74.15,28.51,39.12,90.65,153.63,117.7,62.5,132.65,7.26,WAIT
31.04,27.81,34.43,34.41,914.07,139.25,142.94,81.12,5.48,IRRIGATE
47.99,16.97,41.21,27.71,853.5,122.65,61.61,31.85,6.82,WAIT
53.89,21.46,39.67,46.29,549.73,126.47,24.03,187.79,6.17,WAIT
16.06,23.91,31.61,60.96,794.54,26.37,49.84,167.46,5.41,IRRIGATE
74.16,17.11,37.7,50.26,712.21,46.34,19.26,58.87,5.53,WAIT
33.43,26.83,31.31,80.29,756.24,139.8,67.65,105.29,6.28,IRRIGATE
73.16,20.29,16.15,70.59,302.46,197.47,130.27,33.81,5.48,WAIT
47.14,29.01,23.15,75.18,694.92,81.59,13.55,155.03,5.76,FERTIGATE
72.59,24.67,31.0,86.11,963.62,91.16,39.24,159.53,6.33,WAIT
24.4,35.8,21.15,26.81,120.28,142.57,102.63,75.99,6.03,IRRIGATE
35.46,30.64,17.51,90.04,322.52,219.93,34.01,158.88,5.78,DO_NOTHING
16.06,35.12,38.33,53.25,802.4,129.2,129.41,76.71,6.56,IRRIGATE
46.4,23.14,39.18,36.61,249.51,133.27,102.05,55.03,6.22,DO_NOTHING
80.99,20.67,33.38,76.81,548.13,207.19,113.13,102.43,6.68,WAIT
61.95,28.62,38.85,49.98,399.89,58.84,15.29,27.74,7.46,WAIT
60.88,30.19,31.98,84.45,580.27,193.43,60.32,186.81,7.02,DO_NOTHING
29.29,27.97,29.86,34.65,691.24,79.53,17.33,190.76,6.87,IRRIGATE
75.77,30.55,25.28,60.89,775.75,211.85,45.51,177.5,7.6,WAIT
60.28,36.42,26.34,91.71,802.78,23.61,136.96,107.21,6.4,FERTIGATE
52.48,18.44,28.2,83.18,115.48,70.95,10.34,94.83,7.09,FERTIGATE
69.91,36.74,31.82,42.82,1024.15,173.94,90.42,145.22,7.6,WAIT
63.43,23.47,34.54,27.82,486.42,98.3,33.36,24.16,5.55,WAIT
59.1,33.45,41.69,49.25,699.38,207.11,33.39,149.18,7.16,DO_NOTHING
16.67,34.81,37.14,27.34,191.08,25.07,56.86,111.67,6.58,IRRIGATE
30.08,35.97,25.57,28.19,400.23,123.88,67.15,69.29,5.54,IRRIGATE
71.44,37.91,24.57,51.71,718.04,162.28,64.88,182.89,6.66,WAIT
43.78,29.87,40.77,80.62,140.01,83.12,75.88,76.61,7.02,DO_NOTHING
71.97,31.82,41.72,44.08,974.99,172.16,60.71,152.14,5.47,WAIT
69.2,27.24,23.6,70.9,741.62,57.94,14.26,98.05,6.68,WAIT
75.75,36.35,29.75,77.77,539.3,167.95,38.67,86.79,6.85,WAIT
11.36,31.62,37.72,52.94,547.94,189.51,118.59,71.87,6.04,IRRIGATE
60.92,27.95,20.22,46.7,999.98,156.08,148.04,158.06,7.65,DO_NOTHING
26.21,32.74,16.53,71.95,569.28,86.09,130.74,173.77,5.26,IRRIGATE
55.71,23.46,26.81,83.24,409.84,208.33,35.15,139.29,6.95,DO_NOTHING
28.91,22.47,37.7,78.33,429.1,124.46,18.64,57.57,6.46,IRRIGATE
16.45,34.4,34.67,91.05,793.47,207.78,87.63,128.04,7.74,IRRIGATE
58.16,15.71,34.82,88.38,895.58,134.69,103.98,198.23,5.44,DO_NOTHING
60.04,21.52,32.64,67.53,253.46,57.38,97.03,43.08,5.89,DO_NOTHING
72.64,22.52,28.69,90.88,327.15,94.87,94.9,155.96,7.54,WAIT
78.66,32.86,21.94,26.74,483.77,44.02,109.45,139.0,5.31,WAIT
72.74,20.72,27.24,71.76,529.42,105.46,19.19,92.26,7.19,WAIT
78.64,24.51,27.01,74.18,1042.77,69.75,71.62,163.28,6.79,WAIT
18.29,29.44,20.86,60.72,629.1,194.62,74.75,70.3,5.8,IRRIGATE
75.57,18.93,27.07,38.1,873.3,112.25,59.16,85.0,7.42,WAIT
51.53,31.51,39.32,88.12,428.51,210.25,13.48,87.83,7.53,WAIT
30.6,21.28,23.87,67.86,538.33,163.98,135.29,141.36,5.73,IRRIGATE
79.95,21.08,19.9,31.3,663.38,38.32,29.43,74.01,5.93,WAIT
55.32,33.79,35.8,43.37,345.31,212.99,11.15,178.35,5.72,WAIT
81.05,22.87,27.45,74.5,687.67,80.18,87.54,151.53,5.31,WAIT
10.84,25.54,19.43,71.5,314.05,103.73,37.67,118.73,5.5,IRRIGATE
11.73,16.18,40.81,34.96,808.48,28.92,25.14,111.6,6.41,IRRIGATE
81.37,36.73,36.27,67.15,554.96,88.02,142.59,128.52,6.71,WAIT
27.39,16.07,40.57,46.96,542.59,38.5,127.17,24.97,7.37,IRRIGATE
20.52,35.39,34.97,36.53,665.82,79.09,34.95,174.65,6.25,IRRIGATE
39.89,18.91,25.96,86.01,463.13,210.08,142.48,46.08,5.66,DO_NOTHING
74.7,24.03,16.11,44.17,697.63,178.85,28.67,39.9,7.6,WAIT
66.34,28.56,36.0,55.02,858.46,91.22,44.17,151.22,6.29,DO_NOTHING
83.6,23.04,39.96,90.31,341.85,178.64,70.63,185.15,6.37,WAIT
65.82,25.74,21.92,38.95,525.43,169.88,94.71,143.95,5.93,DO_NOTHING
46.11,16.02,37.26,94.29,506.88,17.25,33.77,137.45,6.79,WAIT
69.09,20.84,35.85,73.16,422.81,126.83,30.62,101.46,7.49,WAIT
41.59,34.31,31.35,38.43,681.11,118.73,65.81,41.53,6.28,DO_NOTHING
15.46,17.27,26.81,46.38,1025.54,92.02,116.1,115.44,7.03,IRRIGATE
29.51,36.66,29.78,83.19,465.05,35.54,104.32,21.4,6.44,IRRIGATE
24.46,29.43,41.46,57.51,917.5,119.1,79.42,187.48,7.51,IRRIGATE
68.94,21.81,30.17,40.67,543.92,114.26,126.43,181.29,6.28,WAIT
11.33,34.82,20.53,68.53,124.97,96.9,148.03,38.12,6.3,IRRIGATE
33.04,35.82,38.6,41.64,181.19,143.56,57.09,140.98,5.28,IRRIGATE
20.0,30.79,21.52,85.03,158.59,59.17,149.8,97.95,7.03,IRRIGATE
23.7,29.03,34.88,47.01,928.9,138.7,64.48,120.38,6.7,IRRIGATE
22.42,24.26,24.93,53.06,861.11,113.92,141.64,72.86,6.28,IRRIGATE
69.02,27.56,30.22,28.73,498.6,70.5,149.91,75.5,7.5,WAIT
60.72,22.84,30.13,83.84,983.37,47.88,57.54,80.34,5.31,WAIT
54.87,34.66,25.92,76.8,727.7,92.01,29.75,147.68,7.42,FERTIGATE
61.44,15.41,21.62,29.86,670.39,170.08,25.48,170.9,6.64,WAIT
61.75,37.34,18.18,88.09,226.1,95.56,129.2,183.13,6.52,DO_NOTHING
54.56,31.29,37.65,33.51,910.07,113.66,73.09,96.3,6.52,DO_NOTHING
80.88,27.61,40.78,37.62,824.14,181.51,105.08,129.25,6.67,WAIT
74.57,33.9,19.18,84.4,514.07,67.01,131.77,97.76,7.3,WAIT
29.76,15.09,28.88,32.02,854.38,71.6,72.11,35.67,5.95,IRRIGATE
68.61,18.49,32.83,89.22,779.84,181.26,25.26,65.13,7.53,WAIT
63.63,29.71,33.26,53.99,144.56,175.81,105.02,105.1,7.54,DO_NOTHING
35.21,21.77,38.69,80.79,614.98,41.8,40.11,138.12,6.2,WAIT
72.74,36.85,36.95,51.43,888.69,87.05,33.39,26.01,6.2,WAIT
77.77,20.5,21.37,92.89,125.0,176.09,54.99,26.75,7.59,WAIT
20.47,27.69,23.13,29.56,149.92,38.69,19.99,156.9,6.46,IRRIGATE
35.72,24.62,40.15,88.75,815.68,196.36,54.75,88.6,6.8,DO_NOTHING
56.77,26.08,26.42,94.03,921.12,104.17,111.82,68.52,5.46,DO_NOTHING
36.43,24.27,16.43,82.04,459.19,133.99,20.35,51.5,7.51,WAIT
55.65,36.86,41.97,51.03,398.8,190.96,149.81,133.34,7.27,DO_NOTHING
68.63,23.17,30.93,83.31,788.11,19.34,57.14,46.01,5.81,WAIT
77.91,15.85,21.71,46.67,716.88,124.49,40.56,49.56,5.82,WAIT
47.69,21.24,40.64,57.47,158.8,164.5,56.04,137.63,5.93,DO_NOTHING
52.81,32.76,40.13,43.28,434.86,110.17,139.8,182.25,5.43,DO_NOTHING
19.89,26.4,18.77,49.19,248.39,145.39,142.93,199.41,6.18,IRRIGATE
54.93,34.69,19.05,73.27,508.84,57.26,66.39,33.67,7.01,FERTIGATE
28.96,22.16,19.15,85.53,593.44,132.29,89.72,93.89,5.7,IRRIGATE
65.88,17.92,18.7,74.71,308.84,77.89,76.53,100.88,7.04,DO_NOTHING
56.76,29.82,34.57,45.48,422.33,104.79,53.04,197.29,7.32,DO_NOTHING
22.35,15.13,17.11,42.08,214.29,124.33,130.12,152.62,5.76,IRRIGATE
39.95,26.68,37.07,83.74,1009.72,119.4,107.2,40.12,6.67,DO_NOTHING
28.65,24.93,32.49,42.99,152.19,17.1,13.1,21.5,5.49,IRRIGATE
27.96,20.09,41.66,46.42,227.42,126.84,130.11,142.05,5.97,IRRIGATE
52.12,31.44,34.93,71.66,970.81,193.37,91.05,97.37,6.87,DO_NOTHING
71.37,15.13,41.79,37.8,570.25,193.77,41.51,105.82,5.54,WAIT
39.63,19.07,25.45,51.14,1093.17,218.94,26.07,150.67,5.33,WAIT
12.26,17.42,41.1,90.86,293.93,48.14,43.67,112.8,6.68,IRRIGATE
26.62,32.4,24.05,89.55,756.72,104.45,120.59,167.22,5.96,IRRIGATE
35.48,36.53,20.28,27.95,554.06,179.25,118.03,185.52,6.59,DO_NOTHING
17.5,28.54,36.24,31.53,272.66,17.52,93.11,179.61,6.94,IRRIGATE
83.65,16.45,39.48,81.98,414.24,214.57,50.31,180.07,7.49,WAIT
66.82,27.96,19.12,62.24,456.8,177.4,116.14,183.91,5.24,DO_NOTHING
70.68,36.58,36.52,34.11,181.28,19.27,98.02,133.34,7.77,WAIT
39.85,22.63,32.24,82.79,1036.77,179.64,69.73,134.28,7.43,DO_NOTHING
46.8,19.98,20.41,25.01,818.24,37.77,44.14,73.62,6.66,WAIT
39.85,30.52,17.45,33.68,599.21,84.08,51.41,32.07,7.53,WAIT
61.89,17.8,17.69,93.24,781.17,100.58,108.24,156.14,7.23,DO_NOTHING
45.84,24.89,16.29,89.86,703.31,56.65,138.74,184.69,7.77,DO_NOTHING
75.55,37.95,22.36,83.96,923.03,62.34,23.78,196.3,5.97,WAIT
75.32,15.09,16.55,57.61,338.71,156.42,89.18,33.95,5.62,WAIT
39.1,19.27,36.6,54.12,193.43,114.29,22.72,43.21,5.82,WAIT
74.46,36.27,37.48,48.39,372.45,127.58,111.06,198.81,5.54,WAIT
13.7,30.97,37.64,84.24,778.46,210.57,81.54,184.49,7.72,IRRIGATE
73.54,22.12,21.1,63.37,553.01,194.94,24.0,66.39,7.15,WAIT
17.12,22.38,26.07,68.58,258.13,191.42,72.66,185.06,6.42,IRRIGATE
30.63,18.26,16.1,62.25,207.16,95.3,92.5,69.62,5.66,IRRIGATE
68.1,36.78,18.61,35.89,1060.01,22.75,146.87,20.84,7.47,WAIT
33.05,36.59,24.24,70.8,180.03,64.68,118.32,115.16,7.61,IRRIGATE
42.16,35.01,27.67,93.55,1059.83,82.47,134.03,172.57,5.75,DO_NOTHING
56.82,16.67,37.75,37.22,170.81,97.04,90.77,173.89,7.73,DO_NOTHING
42.96,16.39,35.48,64.56,547.89,78.4,80.34,80.96,7.17,DO_NOTHING
50.79,35.17,30.13,41.68,951.09,129.23,38.96,132.23,6.13,DO_NOTHING
73.33,25.43,34.89,31.69,496.02,216.56,123.18,48.79,5.92,WAIT
34.74,29.96,35.68,77.47,609.87,181.22,71.19,42.3,6.67,IRRIGATE
81.42,33.24,31.05,70.28,1030.56,102.81,56.4,195.9,7.44,WAIT
34.23,25.67,26.79,35.44,1057.82,97.88,132.55,54.08,6.62,IRRIGATE
11.8,32.58,31.1,68.79,151.72,58.26,20.41,72.0,6.83,IRRIGATE
52.46,29.08,30.28,44.11,344.51,43.1,128.87,130.97,5.68,FERTIGATE
23.29,35.08,35.31,71.16,506.86,68.7,147.12,163.5,5.98,IRRIGATE
73.57,32.46,23.72,54.86,285.95,37.77,111.19,68.15,7.33,WAIT
84.67,16.76,28.3,81.14,888.95,170.8,58.86,101.69,6.75,WAIT
83.05,22.53,40.0,43.85,1089.07,152.4,74.89,130.41,5.91,WAIT
30.56,17.61,18.97,49.34,862.86,139.63,24.36,173.4,6.76,IRRIGATE
82.06,30.41,20.55,58.16,748.5,20.79,12.09,43.29,5.85,WAIT
42.22,26.21,19.59,72.14,696.14,75.37,11.91,33.98,6.22,FERTIGATE
21.55,23.67,32.33,63.31,331.18,85.48,95.96,174.95,7.16,IRRIGATE
51.51,23.33,25.49,86.56,139.24,217.54,103.01,142.6,5.3,DO_NOTHING
55.41,26.15,18.75,44.45,990.31,127.75,67.88,33.08,7.06,WAIT
62.71,29.12,29.27,55.36,693.27,62.85,141.78,125.98,6.01,DO_NOTHING
43.73,33.53,20.2,45.5,779.51,79.68,120.95,43.48,7.18,DO_NOTHING
15.13,15.29,39.35,65.69,451.83,62.68,96.36,111.62,7.78,IRRIGATE
83.74,29.61,27.51,59.38,782.48,35.82,55.97,33.55,5.39,WAIT
24.69,26.16,36.4,58.98,435.48,31.88,87.04,68.83,6.8,IRRIGATE
83.29,17.56,21.52,58.12,1068.61,173.22,135.75,80.07,7.78,WAIT
17.71,16.22,38.25,89.91,190.59,38.25,14.64,38.81,5.74,IRRIGATE
82.76,30.36,36.24,79.33,635.07,178.49,93.41,76.62,6.66,WAIT
50.01,33.94,41.52,53.77,863.39,35.45,118.76,86.86,5.3,WAIT
37.24,29.04,19.1,89.68,177.67,205.65,109.0,79.35,6.22,DO_NOTHING
65.56,28.83,33.46,52.24,587.81,217.92,39.95,95.21,5.96,DO_NOTHING
67.38,32.57,23.6,30.7,111.43,102.63,67.45,197.91,6.42,DO_NOTHING
29.23,35.5,28.77,66.94,195.67,93.5,142.19,126.11,6.1,IRRIGATE
56.93,35.94,23.12,60.36,1058.69,50.34,110.75,130.61,6.97,DO_NOTHING
36.34,22.22,33.79,40.09,519.65,53.58,11.16,194.61,6.32,FERTIGATE
82.7,18.23,31.27,39.07,890.07,175.66,25.77,184.17,5.71,WAIT
55.97,37.67,38.94,91.96,442.6,36.64,36.37,110.09,7.26,WAIT
21.26,30.17,24.41,48.88,761.92,110.73,123.68,48.07,7.25,IRRIGATE
14.82,19.46,33.06,84.84,352.68,82.07,85.2,58.08,7.31,IRRIGATE
68.02,18.34,28.06,79.24,437.33,144.79,17.03,129.56,5.6,WAIT
72.29,23.18,23.32,83.86,150.14,96.3,61.8,71.26,7.57,WAIT
66.32,16.47,34.58,61.91,1000.87,79.15,90.38,110.14,6.47,DO_NOTHING
44.21,19.73,35.65,56.59,1058.52,68.47,105.58,189.33,6.92,DO_NOTHING
75.35,34.03,25.36,67.01,256.26,124.78,42.26,153.87,6.57,WAIT
40.84,21.18,41.97,30.02,143.56,59.54,145.95,196.26,6.9,DO_NOTHING
76.01,19.92,41.27,34.99,201.13,38.0,90.24,160.58,6.15,WAIT
83.34,24.99,19.91,57.62,779.04,185.61,74.23,126.85,5.9,WAIT
58.44,37.68,17.28,87.06,662.28,66.68,143.68,107.0,6.06,DO_NOTHING
23.61,20.62,37.65,68.01,1013.25,62.55,26.96,21.1,6.52,IRRIGATE
84.87,30.98,24.02,86.38,881.72,18.16,124.36,74.09,5.59,WAIT
26.97,25.78,27.05,45.22,272.22,171.26,148.62,160.0,5.97,IRRIGATE
28.36,20.01,19.55,63.59,705.4,159.63,105.23,72.62,6.06,IRRIGATE
61.11,23.04,21.53,51.2,372.08,33.1,126.22,173.56,5.77,FERTIGATE
14.86,31.99,21.5,52.54,164.14,61.39,121.01,164.79,5.74,IRRIGATE
35.19,18.09,17.93,94.45,755.59,126.13,117.17,171.21,7.3,DO_NOTHING
11.24,19.3,33.03,51.3,1082.48,151.41,143.92,56.26,7.45,IRRIGATE
34.1,37.76,20.1,61.14,892.84,103.69,75.53,197.54,6.31,IRRIGATE
55.31,16.25,37.9,70.37,504.02,18.31,92.83,22.28,5.2,WAIT
56.21,19.35,20.99,70.73,153.7,79.25,30.92,124.43,6.92,DO_NOTHING
64.09,20.87,18.32,30.51,526.15,208.9,40.48,66.21,5.46,DO_NOTHING
55.42,30.64,32.72,85.28,586.43,42.56,50.52,139.24,6.79,FERTIGATE
49.83,30.71,32.57,86.69,686.02,174.61,44.82,142.07,7.55,DO_NOTHING
38.93,32.92,34.84,29.17,681.51,41.69,145.42,166.05,5.49,WAIT
19.13,28.67,24.97,27.44,641.64,94.51,24.15,164.35,7.58,IRRIGATE
66.74,33.92,21.63,43.45,308.53,171.84,142.71,149.03,7.49,DO_NOTHING
57.9,23.92,27.07,30.27,131.46,157.57,71.38,119.4,6.65,DO_NOTHING
30.8,25.95,28.24,52.19,920.68,107.49,94.51,181.19,7.45,IRRIGATE
76.78,21.21,16.91,43.27,378.71,201.42,100.89,34.71,5.55,WAIT
21.68,29.5,35.12,85.18,1040.64,56.35,53.37,63.26,6.13,IRRIGATE
78.6,28.23,35.19,59.31,128.86,28.16,85.31,149.38,5.76,WAIT
64.14,33.65,26.71,77.25,504.03,154.06,116.96,198.55,6.1,DO_NOTHING
40.83,18.81,21.31,73.54,1017.05,95.89,35.18,71.32,6.38,DO_NOTHING
31.8,20.37,35.14,25.55,639.23,177.72,47.27,128.59,6.94,IRRIGATE
59.13,25.25,25.01,83.51,858.45,80.86,24.42,32.93,5.45,WAIT
53.72,16.19,24.76,77.72,394.35,171.48,114.37,64.25,7.09,DO_NOTHING
66.08,24.14,21.47,61.49,1021.4,146.12,34.21,142.9,6.31,DO_NOTHING
54.36,31.88,29.39,81.98,822.16,141.09,31.11,170.47,7.63,DO_NOTHING
20.27,26.23,22.73,77.82,821.63,43.88,132.78,52.58,7.27,IRRIGATE
44.27,22.55,20.11,36.73,761.89,127.84,27.09,40.29,5.39,WAIT
65.78,31.37,17.52,64.22,184.68,200.27,137.0,145.68,7.61,DO_NOTHING
70.86,34.06,30.81,46.42,317.8,82.08,97.99,51.08,5.87,WAIT
45.1,20.36,31.3,89.62,848.09,151.62,91.58,107.83,5.69,DO_NOTHING
77.1,20.72,18.37,77.5,275.62,91.24,13.96,44.67,5.65,WAIT
14.08,30.1,37.76,51.13,974.58,58.74,55.55,47.13,6.81,IRRIGATE
41.49,29.11,35.8,63.2,727.63,206.73,51.87,84.65,7.07,DO_NOTHING
55.85,19.11,25.78,57.75,519.39,51.55,139.42,157.22,6.45,DO_NOTHING
61.0,35.64,19.54,42.53,642.7,178.8,15.08,197.12,6.38,FERTIGATE
36.94,21.73,20.53,80.41,1055.41,99.8,143.34,168.28,6.45,DO_NOTHING
60.55,25.0,30.53,29.06,796.26,25.83,124.39,168.49,5.82,WAIT
34.27,26.07,31.51,45.11,692.49,76.05,17.77,20.45,5.46,IRRIGATE
69.42,37.11,27.1,60.89,246.85,127.96,30.25,130.02,7.63,WAIT
24.68,32.58,16.61,51.28,210.75,87.26,34.3,87.19,6.29,IRRIGATE
32.54,30.1,39.89,53.04,292.34,70.5,129.56,122.9,6.38,IRRIGATE
21.22,25.34,23.24,91.02,984.07,32.2,82.33,60.51,6.27,IRRIGATE
75.76,27.13,24.69,39.55,900.32,143.03,75.53,59.15,6.07,WAIT
81.99,26.96,26.42,61.5,878.99,84.72,35.02,125.29,6.93,WAIT
63.45,35.29,25.65,30.27,1058.35,104.18,97.26,139.93,6.62,DO_NOTHING
25.39,32.37,36.9,63.71,588.56,38.36,21.75,81.12,6.01,IRRIGATE
81.52,33.02,33.16,61.24,267.37,215.58,62.51,39.25,6.48,WAIT
75.55,35.41,16.29,87.04,371.48,22.99,128.69,175.5,6.75,WAIT
53.08,33.7,36.44,87.31,652.75,213.37,149.46,40.98,7.41,DO_NOTHING
47.49,23.91,31.94,28.92,606.46,193.53,39.88,96.75,7.64,DO_NOTHING
42.14,23.24,27.45,61.36,731.99,179.14,73.29,167.15,6.59,DO_NOTHING
35.39,30.13,34.66,64.06,156.61,49.83,49.94,70.87,6.95,WAIT
11.38,32.38,22.9,46.7,627.91,59.26,133.83,35.37,6.36,IRRIGATE
73.71,29.16,23.6,54.45,806.69,214.52,135.04,81.64,7.8,WAIT
10.26,15.64,37.42,38.96,160.77,63.62,69.65,151.5,6.82,IRRIGATE
27.82,26.58,40.08,82.05,423.19,216.36,109.21,31.24,5.29,IRRIGATE
22.63,31.74,20.78,60.8,193.26,203.78,58.15,183.46,7.66,IRRIGATE
10.46,25.68,16.64,88.61,618.41,30.36,25.44,89.03,7.64,IRRIGATE
61.97,34.96,25.53,28.02,1074.32,18.52,142.67,86.36,5.23,WAIT
61.69,37.55,41.11,36.27,281.25,130.94,99.22,153.1,5.67,DO_NOTHING
81.93,29.69,38.02,62.8,514.28,215.32,91.5,176.04,7.68,WAIT
60.65,27.63,16.09,27.8,300.85,53.13,45.67,74.89,6.14,DO_NOTHING
41.54,17.27,17.1,72.18,637.33,106.05,98.82,168.98,6.31,DO_NOTHING
58.08,36.93,37.83,54.82,744.72,51.3,88.47,196.64,6.55,DO_NOTHING
79.57,24.37,41.97,65.55,142.27,135.28,48.44,25.85,7.33,WAIT
30.68,33.32,23.49,38.6,1073.94,89.14,94.19,129.8,6.66,IRRIGATE
78.6,30.51,26.5,85.37,281.06,126.57,143.08,132.57,7.32,WAIT
59.02,34.31,40.56,44.1,269.66,114.22,108.26,60.89,5.21,DO_NOTHING
35.72,37.28,34.07,53.09,292.58,88.0,33.78,39.14,7.56,WAIT
84.82,18.77,17.42,48.08,561.66,56.99,52.2,56.16,7.21,WAIT
63.44,29.6,26.07,88.63,1069.53,50.6,41.22,114.61,5.44,DO_NOTHING
42.73,28.38,29.57,48.16,642.45,211.55,38.84,137.87,5.31,DO_NOTHING
14.98,27.69,18.73,26.56,271.51,130.79,108.47,56.45,6.94,IRRIGATE
23.69,29.11,26.71,70.77,1095.05,207.25,10.6,179.38,5.37,IRRIGATE
81.48,21.48,25.93,31.41,212.27,163.98,142.21,129.93,7.06,WAIT
67.15,21.04,17.18,25.13,450.65,64.5,18.72,52.32,5.52,WAIT
78.62,18.23,29.98,66.52,643.49,35.31,54.63,29.23,6.23,WAIT
24.14,27.92,34.01,62.25,534.24,94.4,127.84,59.49,7.11,IRRIGATE
66.81,24.64,23.73,57.94,193.21,24.42,25.62,53.69,6.51,FERTIGATE
73.69,20.42,40.31,91.84,1058.9,186.7,60.94,33.08,6.68,WAIT
51.9,34.55,41.9,60.57,445.2,53.11,10.67,111.64,6.64,WAIT
71.87,26.61,39.83,68.97,940.34,45.4,129.75,141.53,5.64,WAIT
24.23,36.31,16.84,57.38,413.48,151.34,127.55,84.87,6.31,IRRIGATE
83.64,33.03,39.33,55.71,334.08,99.43,110.25,39.7,5.9,WAIT
13.5,24.94,37.51,26.73,775.32,206.16,43.17,144.85,7.74,IRRIGATE
82.17,20.4,18.61,35.38,802.04,163.78,104.39,80.49,5.64,WAIT
53.56,26.12,34.95,55.9,438.64,75.16,39.61,67.83,5.45,DO_NOTHING
36.01,15.84,20.85,77.27,425.47,151.99,110.36,124.61,7.69,DO_NOTHING
11.61,31.99,40.93,85.36,267.89,82.0,34.14,128.24,7.05,IRRIGATE
33.78,27.41,33.96,54.49,954.02,173.17,19.05,131.8,5.81,IRRIGATE
51.81,37.01,38.86,53.32,391.51,63.05,84.55,40.56,6.63,DO_NOTHING
10.1,22.45,21.72,92.99,827.24,86.68,23.0,113.02,5.75,IRRIGATE
50.23,34.21,32.01,69.37,641.03,205.09,140.47,112.29,5.99,DO_NOTHING
44.47,19.29,32.54,60.01,203.3,55.52,77.15,179.77,6.67,DO_NOTHING
61.12,22.8,30.86,56.32,759.13,25.37,79.06,73.28,6.05,FERTIGATE
82.07,19.2,24.09,60.69,963.03,100.42,114.14,174.15,6.01,WAIT
39.46,23.2,37.65,28.1,408.42,154.28,89.16,98.53,6.6,DO_NOTHING
24.82,24.91,29.04,88.08,360.84,192.9,100.19,23.66,7.08,IRRIGATE
12.67,37.94,38.69,45.81,357.41,93.2,59.86,87.02,6.03,IRRIGATE
56.59,18.78,38.0,81.87,576.48,189.81,44.6,23.16,6.81,WAIT
44.34,28.04,39.38,92.89,734.45,171.63,21.73,48.93,7.11,WAIT
42.35,25.26,24.02,67.51,285.17,143.52,34.33,31.49,6.06,FERTIGATE
27.34,35.45,17.43,37.36,648.72,113.62,16.42,21.31,7.77,IRRIGATE
59.41,23.4,28.23,43.66,444.87,148.05,133.59,53.14,7.38,DO_NOTHING
19.12,19.94,16.97,34.86,1017.3,109.18,20.87,192.75,7.49,IRRIGATE
66.6,36.47,21.72,83.55,789.99,193.3,121.57,82.37,7.21,DO_NOTHING
29.68,22.56,18.81,90.46,391.0,121.73,64.79,192.79,6.07,IRRIGATE
68.39,34.67,27.33,51.47,847.75,202.14,115.69,60.88,7.51,WAIT
39.07,28.25,37.62,38.19,884.51,137.21,135.07,50.95,6.29,DO_NOTHING
72.46,15.44,18.92,94.34,380.39,214.99,35.55,85.0,7.16,WAIT
59.33,28.37,29.78,84.04,334.95,105.71,31.76,127.27,5.85,DO_NOTHING
35.04,25.84,16.7,31.44,785.93,102.94,131.07,145.04,5.22,DO_NOTHING
56.25,17.16,36.3,94.41,631.2,154.97,43.22,98.77,7.43,DO_NOTHING
22.56,21.11,27.58,74.86,475.88,205.19,23.22,86.74,7.04,IRRIGATE
26.95,30.1,20.27,28.92,221.02,205.65,87.25,163.34,6.06,IRRIGATE
54.45,26.38,40.59,77.33,830.54,24.5,86.95,104.06,7.61,WAIT
29.3,21.21,26.7,42.04,229.18,190.77,88.16,175.05,7.36,IRRIGATE
31.15,27.6,18.16,89.07,504.26,95.7,52.39,102.92,5.85,IRRIGATE
38.11,33.4,37.69,46.29,569.01,194.13,17.37,180.05,5.77,WAIT
60.89,28.4,30.38,85.16,201.57,86.14,85.36,166.03,5.76,DO_NOTHING
70.22,24.19,20.91,78.13,190.9,120.53,18.94,84.16,6.76,WAIT
51.71,24.31,27.16,40.87,555.88,210.42,129.06,46.14,5.28,DO_NOTHING
80.01,27.12,29.98,79.65,414.69,113.79,145.61,140.99,5.6,WAIT
19.99,19.7,35.93,45.68,121.39,208.56,33.76,21.72,5.82,IRRIGATE
27.63,24.71,39.93,86.54,556.89,99.23,87.7,63.82,5.34,IRRIGATE
80.44,19.29,21.16,58.07,591.61,18.78,30.71,88.07,6.98,WAIT
27.13,24.73,30.49,87.2,426.07,42.38,78.5,154.41,5.49,IRRIGATE
41.85,15.41,16.87,58.81,398.2,188.25,94.3,101.71,6.26,DO_NOTHING
47.29,15.93,39.21,94.88,281.49,39.68,30.1,138.98,6.92,WAIT
73.59,32.29,27.69,67.9,788.28,120.11,76.59,136.12,6.65,WAIT
58.3,29.1,34.7,70.0,619.74,154.77,72.93,63.5,5.2,DO_NOTHING
52.0,28.59,41.27,50.3,494.13,56.37,19.87,159.1,5.85,WAIT
55.67,30.82,28.25,86.34,543.79,73.41,135.44,175.08,5.63,DO_NOTHING
11.95,17.07,23.45,93.06,658.52,91.52,134.42,101.56,6.02,IRRIGATE
80.59,34.54,37.94,60.86,889.44,51.77,90.25,197.09,5.96,WAIT
69.58,26.28,17.03,78.41,268.57,144.45,21.99,190.44,5.96,WAIT
26.98,17.97,40.6,74.83,841.66,117.38,76.46,39.8,6.66,IRRIGATE
28.52,37.47,36.71,53.91,251.34,175.99,27.09,54.08,5.75,IRRIGATE
51.77,33.1,24.17,30.93,564.54,168.36,41.03,59.59,7.66,DO_NOTHING
81.56,37.78,37.0,38.17,311.98,84.75,54.54,192.17,7.25,WAIT
64.3,19.28,39.65,82.95,263.64,193.59,48.11,34.56,6.91,WAIT
59.04,17.18,24.29,94.5,778.43,164.67,39.81,34.18,5.92,FERTIGATE
28.67,20.39,21.01,65.23,428.1,183.17,35.75,103.63,5.24,IRRIGATE
46.13,16.28,41.42,80.34,590.11,32.75,92.94,156.58,5.7,WAIT
52.62,33.73,35.97,81.21,979.32,207.22,66.77,122.38,7.26,DO_NOTHING
62.29,37.9,16.36,49.86,381.03,68.77,41.15,147.64,5.42,DO_NOTHING
65.62,30.95,22.52,42.7,728.86,171.25,132.71,173.39,7.71,DO_NOTHING
53.6,35.9,37.02,87.63,111.63,213.01,76.29,163.67,5.53,DO_NOTHING
39.7,21.24,23.58,33.63,905.76,16.89,53.75,51.39,6.73,WAIT
29.07,20.96,28.7,70.69,221.3,50.98,44.6,195.27,6.23,IRRIGATE
54.92,20.56,28.75,30.19,134.74,111.09,65.81,44.64,6.99,DO_NOTHING
84.47,24.1,32.24,92.41,931.53,110.03,113.25,43.06,6.53,WAIT
30.93,18.71,27.08,34.17,798.99,108.53,84.36,46.35,5.56,IRRIGATE
53.76,37.66,18.5,45.0,969.46,29.82,132.62,114.37,6.26,WAIT
33.23,21.83,23.95,86.94,823.8,152.29,121.82,66.28,6.81,IRRIGATE
44.5,33.0,24.04,70.02,982.21,97.44,19.33,112.89,6.1,WAIT
60.42,36.87,28.63,57.63,754.58,36.22,45.49,185.42,6.94,FERTIGATE
11.01,19.71,33.75,78.51,939.86,74.9,140.34,119.53,7.01,IRRIGATE
54.76,17.82,41.04,33.6,354.88,181.79,96.6,170.87,6.54,DO_NOTHING
38.27,36.2,16.94,84.93,330.82,188.99,29.49,124.44,7.51,WAIT
45.52,32.17,36.92,76.55,1025.33,106.6,34.24,28.61,5.84,WAIT
20.74,27.83,20.81,27.73,135.99,185.47,92.8,84.46,7.52,IRRIGATE
15.26,37.55,32.02,37.84,779.07,171.49,70.11,175.09,5.59,IRRIGATE
30.91,17.15,21.48,41.71,1017.63,31.01,69.84,115.83,7.54,IRRIGATE
84.83,32.33,41.24,80.1,1063.2,159.99,21.17,92.35,6.88,WAIT
36.3,21.29,31.01,90.35,134.98,172.69,111.18,193.51,7.62,DO_NOTHING
67.17,26.97,21.31,63.17,865.35,198.61,120.56,55.15,6.76,DO_NOTHING
34.91,15.21,21.21,32.93,942.72,67.99,49.86,192.79,6.19,IRRIGATE
10.72,21.53,19.1,32.2,177.49,136.62,36.51,85.02,7.44,IRRIGATE
41.83,36.06,28.95,52.92,850.39,30.0,22.53,137.36,6.47,FERTIGATE
69.28,36.07,26.1,66.75,600.7,216.23,126.35,184.11,5.86,WAIT
67.94,21.11,21.43,91.1,119.3,212.9,30.9,167.5,5.92,DO_NOTHING
36.3,19.99,31.22,49.37,757.39,18.21,19.01,37.94,6.29,FERTIGATE
71.11,35.43,22.37,65.21,868.36,74.21,67.26,114.32,5.55,WAIT
11.95,18.51,32.3,30.15,289.7,84.26,20.9,54.51,7.57,IRRIGATE
11.45,30.03,25.99,72.09,688.69,60.82,128.61,108.55,7.34,IRRIGATE
40.45,37.65,36.03,92.62,614.33,112.11,115.76,178.45,7.71,DO_NOTHING
34.34,33.37,21.48,63.19,279.85,86.22,140.39,46.3,6.84,IRRIGATE
54.47,17.78,24.48,64.41,287.18,179.13,146.1,58.66,5.69,DO_NOTHING
44.12,32.2,23.32,26.39,641.22,211.1,64.78,95.62,7.72,DO_NOTHING
62.1,31.54,30.63,93.22,788.87,198.48,107.91,152.32,5.96,DO_NOTHING
32.76,33.01,23.71,64.39,349.35,182.48,25.47,169.3,6.77,IRRIGATE
24.02,27.47,23.34,47.64,451.53,27.98,148.03,25.68,6.92,IRRIGATE
37.84,29.86,25.26,72.16,829.24,156.56,25.95,138.24,5.93,FERTIGATE
12.16,24.54,27.27,57.7,804.82,78.31,54.14,30.9,6.99,IRRIGATE
52.59,23.04,34.33,62.62,569.24,119.82,99.09,138.8,5.95,DO_NOTHING
20.56,18.6,32.62,86.1,509.5,49.75,115.92,169.85,7.49,IRRIGATE
55.51,34.8,16.4,32.51,192.58,161.08,19.74,109.35,6.43,WAIT
33.3,35.02,20.43,49.67,874.17,21.24,104.21,166.95,7.62,IRRIGATE
75.72,22.35,31.25,30.41,357.87,34.32,54.13,177.53,6.1,WAIT
52.14,24.97,27.93,92.87,396.15,143.6,68.81,31.01,6.47,FERTIGATE
71.0,17.27,17.81,35.75,864.4,163.42,89.1,104.28,7.51,WAIT
67.5,33.67,37.14,69.99,558.01,192.26,139.64,24.29,5.33,WAIT
81.91,21.37,38.71,52.22,219.1,31.49,31.91,64.98,6.47,WAIT
62.61,37.69,27.48,61.27,621.82,125.58,82.48,21.58,5.2,WAIT
17.32,17.34,34.33,39.34,994.71,205.36,146.63,189.03,5.91,IRRIGATE
48.23,19.04,36.96,87.19,951.29,103.84,116.21,37.56,5.3,WAIT
66.49,24.78,41.88,31.81,955.63,113.4,125.8,167.08,7.58,DO_NOTHING
32.34,36.85,19.94,30.74,531.62,184.81,76.28,169.27,7.1,IRRIGATE
25.71,36.82,17.58,87.88,404.44,117.53,69.13,50.93,6.13,IRRIGATE
24.47,19.69,20.86,59.23,897.93,131.64,135.05,134.58,6.99,IRRIGATE
60.07,25.34,33.92,29.88,959.85,174.45,44.33,158.25,5.23,DO_NOTHING
26.29,16.5,36.29,77.91,913.64,15.92,80.17,146.87,5.6,IRRIGATE
58.73,16.93,20.71,58.31,753.57,44.9,35.93,56.8,5.82,FERTIGATE
26.99,24.09,33.0,55.66,875.97,162.45,27.71,28.79,7.48,IRRIGATE
15.99,18.41,16.58,68.98,682.37,217.32,134.17,93.95,6.17,IRRIGATE
32.26,18.51,19.59,34.26,214.11,64.3,52.93,193.08,6.7,IRRIGATE
84.07,23.57,27.9,47.72,282.89,44.35,142.31,197.63,5.32,WAIT
21.28,24.74,20.84,50.47,229.1,108.58,48.04,83.34,5.45,IRRIGATE
42.11,37.61,24.55,86.35,943.2,210.17,120.62,138.73,7.43,DO_NOTHING
15.67,25.65,41.72,78.87,1062.08,174.83,132.48,147.18,7.18,IRRIGATE
49.24,36.26,37.45,84.07,773.01,77.44,14.99,188.42,6.72,WAIT
32.36,18.43,37.57,83.56,914.51,147.24,61.24,74.73,5.22,IRRIGATE
72.52,17.01,32.4,60.29,626.69,204.98,14.43,159.21,5.34,WAIT
12.86,24.89,17.64,80.24,629.56,20.95,15.67,130.28,7.3,IRRIGATE
42.83,27.76,36.8,67.74,324.76,140.68,97.96,152.14,6.81,DO_NOTHING
82.69,19.54,40.73,62.68,771.96,35.39,63.28,158.49,7.04,WAIT
13.01,27.57,18.3,94.71,997.3,19.32,130.21,185.5,6.12,IRRIGATE
63.96,25.17,33.04,48.82,422.56,102.01,30.38,169.61,6.11,DO_NOTHING
40.01,35.56,28.91,63.1,1056.5,196.78,33.73,105.18,7.73,DO_NOTHING
37.93,23.55,21.07,33.0,840.3,172.86,145.66,159.22,5.83,DO_NOTHING
13.01,37.67,24.85,46.84,1005.96,134.95,40.08,180.04,7.78,IRRIGATE
16.5,34.83,26.15,61.69,1014.82,214.54,46.7,58.31,5.41,IRRIGATE
52.13,15.31,26.71,30.14,505.23,23.19,126.93,57.75,6.05,WAIT
75.25,32.16,21.69,30.03,815.67,95.09,117.25,100.15,6.1,WAIT
43.84,32.22,39.46,28.48,624.11,21.73,75.58,179.35,6.14,WAIT
79.93,29.5,40.29,78.0,203.44,62.39,65.18,50.62,6.49,WAIT
45.35,36.99,27.28,79.99,1041.91,194.78,39.21,109.29,6.1,DO_NOTHING
39.99,23.3,37.49,56.65,623.69,216.4,18.4,107.83,7.21,WAIT
21.34,29.07,22.23,85.72,427.1,82.46,93.75,53.04,5.94,IRRIGATE
41.25,23.13,29.65,66.97,666.67,149.1,53.08,42.76,7.18,DO_NOTHING
73.81,20.91,26.58,59.9,633.33,150.2,15.82,149.87,5.36,WAIT
45.12,34.04,27.73,35.44,1085.03,197.3,117.98,94.07,5.68,DO_NOTHING
80.61,27.24,38.16,48.95,435.29,217.04,83.06,45.33,5.77,WAIT
46.15,15.98,28.03,54.33,879.34,87.76,147.56,52.54,6.74,DO_NOTHING
16.73,31.88,41.86,82.34,655.7,114.37,126.9,188.48,7.77,IRRIGATE
39.74,37.79,20.05,42.75,189.02,70.71,117.51,173.53,7.23,DO_NOTHING
57.33,26.82,34.43,52.36,941.31,153.82,107.69,116.47,7.5,DO_NOTHING
28.9,23.77,36.22,59.49,989.21,86.01,61.71,179.97,6.41,IRRIGATE
48.71,22.65,23.19,70.92,219.84,195.25,119.09,54.33,7.0,DO_NOTHING
55.2,19.24,23.1,53.63,799.24,145.94,84.51,158.31,7.17,DO_NOTHING
56.34,33.1,24.69,86.69,714.91,183.58,86.48,59.32,6.61,DO_NOTHING
37.83,31.04,28.37,83.53,778.07,155.33,40.4,197.16,7.39,DO_NOTHING
69.18,22.59,29.93,34.6,638.48,44.91,87.43,136.77,6.21,WAIT
47.39,35.14,18.82,80.42,270.75,22.53,35.98,157.71,6.25,FERTIGATE
75.44,27.07,16.58,75.17,210.23,176.82,33.53,82.18,7.18,WAIT
81.57,23.54,37.56,38.36,907.18,149.79,36.98,74.45,5.54,WAIT
38.72,19.68,32.74,94.62,112.01,125.89,90.31,184.56,6.52,DO_NOTHING
50.78,25.85,22.99,28.92,508.66,25.78,87.07,75.31,6.59,WAIT
20.07,36.45,39.26,38.3,443.44,140.77,23.4,83.82,5.85,IRRIGATE
78.66,34.61,31.08,61.42,1030.73,206.15,145.71,42.57,5.62,WAIT
60.76,27.45,16.48,29.34,988.08,193.12,60.02,180.39,6.74,DO_NOTHING
70.44,24.83,18.95,55.36,557.3,127.94,24.78,198.45,5.83,WAIT
24.89,27.12,29.97,55.79,871.89,120.91,95.36,150.27,5.27,IRRIGATE
52.8,35.34,16.45,53.36,1026.23,87.4,74.22,196.68,5.72,DO_NOTHING
14.89,34.77,38.58,58.05,614.21,186.34,113.4,67.73,5.24,IRRIGATE
45.98,34.75,39.29,91.94,979.56,133.91,72.24,159.47,7.12,DO_NOTHING
50.36,17.01,40.08,56.89,463.33,144.06,104.34,57.92,7.38,DO_NOTHING
31.75,19.29,26.57,76.14,1065.46,180.9,141.65,45.31,5.39,IRRIGATE
51.83,21.68,37.53,72.04,1070.73,67.23,78.01,110.22,5.82,DO_NOTHING
54.26,25.2,27.61,50.39,116.93,122.03,56.93,20.24,6.0,FERTIGATE
30.9,24.05,19.43,60.54,792.44,144.19,122.53,101.36,6.55,IRRIGATE
70.78,24.84,34.24,55.42,517.74,170.84,34.48,80.95,5.78,WAIT
36.93,20.3,31.06,80.87,886.61,89.72,148.43,126.89,6.24,DO_NOTHING
72.67,31.79,35.48,38.73,568.32,191.67,80.57,143.02,6.73,WAIT
73.18,21.54,30.96,33.63,790.21,165.05,16.0,141.64,6.28,WAIT
19.31,24.66,21.05,54.09,484.34,166.37,118.39,129.27,5.26,IRRIGATE
79.83,30.78,16.89,82.32,300.27,133.74,75.33,95.57,7.51,WAIT
42.8,16.73,40.61,89.44,784.43,110.92,23.0,162.33,5.4,WAIT
15.15,27.36,20.16,25.54,523.11,43.13,32.47,33.84,5.73,IRRIGATE
63.66,33.61,27.77,60.46,132.66,29.21,46.06,117.9,7.12,FERTIGATE
55.38,24.02,19.08,79.65,463.79,165.89,81.82,152.96,7.56,DO_NOTHING
79.08,27.31,29.3,43.6,1035.8,108.87,27.86,97.89,5.53,WAIT
47.69,27.91,24.78,30.02,1043.5,173.54,127.44,86.04,7.18,DO_NOTHING
46.4,19.62,19.24,49.15,237.55,219.65,16.89,99.41,6.38,FERTIGATE
32.55,28.14,19.9,79.87,432.45,136.23,110.19,180.03,7.37,IRRIGATE
55.62,23.93,29.08,78.81,977.55,36.28,63.88,159.7,6.32,WAIT
34.92,24.46,31.67,94.99,592.99,57.74,32.8,27.62,6.65,IRRIGATE
50.84,19.72,34.08,76.88,359.1,85.54,148.67,87.37,7.18,DO_NOTHING
43.95,33.25,35.99,71.74,954.78,207.54,91.2,62.74,6.24,DO_NOTHING
66.87,29.97,20.62,28.59,782.96,66.47,79.95,154.41,6.66,DO_NOTHING
16.25,19.27,21.7,43.05,665.4,118.31,38.44,32.16,5.65,IRRIGATE
83.83,25.78,38.55,84.41,611.52,159.87,36.99,143.91,5.91,WAIT
72.4,16.93,36.1,32.0,981.19,77.36,101.62,107.75,6.15,WAIT
58.41,36.79,17.07,89.32,709.08,180.5,63.74,104.93,7.46,DO_NOTHING
41.11,27.3,16.53,36.1,741.69,161.98,91.56,45.8,6.36,DO_NOTHING
36.63,26.4,38.63,79.31,183.99,197.51,76.05,153.9,5.56,DO_NOTHING
60.3,20.44,27.4,26.18,251.61,33.88,43.56,38.0,7.0,WAIT
12.18,29.21,19.66,91.16,1033.09,61.23,96.02,25.04,7.62,IRRIGATE
49.22,15.99,24.9,30.38,492.94,152.33,75.78,89.07,5.51,DO_NOTHING
28.37,17.3,36.99,34.47,695.37,85.26,41.64,135.1,6.39,IRRIGATE
40.01,28.64,28.77,46.24,659.06,152.25,13.74,103.86,5.35,WAIT
23.98,27.89,38.52,86.8,169.94,100.92,91.62,46.47,7.19,IRRIGATE
65.82,35.78,16.22,40.17,927.19,152.47,135.21,30.29,6.75,FERTIGATE
52.68,15.82,29.35,67.67,291.29,71.03,99.65,104.29,7.43,DO_NOTHING
35.68,21.13,41.61,88.78,128.99,173.0,25.45,24.95,5.91,WAIT
30.2,33.84,34.48,93.71,811.51,100.74,107.85,199.9,7.05,IRRIGATE
67.13,36.58,18.95,74.33,950.81,210.65,39.54,110.71,6.97,DO_NOTHING
28.56,28.81,22.7,48.34,541.52,123.48,72.91,108.78,5.98,IRRIGATE
21.92,16.09,21.1,65.74,886.12,49.7,25.2,154.87,5.99,IRRIGATE
81.36,31.43,24.5,45.27,623.7,31.22,26.47,51.65,7.21,WAIT
48.54,15.24,33.51,54.66,610.85,58.89,87.25,196.25,5.39,DO_NOTHING
31.29,20.59,22.46,51.51,918.11,202.14,38.31,117.73,6.86,IRRIGATE
49.14,24.98,20.99,59.18,501.21,178.09,116.9,44.12,5.43,DO_NOTHING
78.11,27.32,38.3,29.07,626.52,125.58,130.5,37.57,5.83,WAIT
40.49,34.91,40.41,94.49,1059.19,16.22,16.68,46.57,6.11,WAIT
72.24,35.53,20.86,68.38,1017.36,110.07,24.5,102.41,6.18,WAIT
53.32,25.09,16.45,94.58,643.54,112.09,143.65,48.05,5.69,DO_NOTHING
70.6,21.0,36.78,44.01,133.19,120.99,37.54,156.41,6.87,WAIT
79.27,33.01,20.7,81.01,741.74,152.14,126.52,123.29,6.41,WAIT
57.75,21.85,20.75,68.16,333.85,31.38,10.08,129.5,6.14,FERTIGATE
66.42,23.63,28.64,53.5,750.57,88.01,144.93,188.51,7.4,DO_NOTHING
79.02,25.33,29.95,76.95,796.15,197.59,110.29,199.62,6.11,WAIT
72.47,31.05,33.98,47.81,885.6,199.58,40.6,132.59,6.22,WAIT
84.22,26.01,21.94,51.73,753.84,30.6,94.5,187.62,7.41,WAIT
15.08,37.85,34.17,36.36,112.42,50.11,127.34,23.9,5.81,IRRIGATE
66.8,28.48,36.35,77.23,150.6,197.96,41.78,119.61,6.88,DO_NOTHING
22.65,37.45,28.69,29.03,1037.26,135.18,107.89,114.53,7.37,IRRIGATE
12.49,21.17,28.21,30.36,805.91,95.7,48.17,20.61,7.07,IRRIGATE
72.54,24.09,30.67,40.94,722.2,17.49,78.41,135.96,7.59,WAIT
38.6,32.6,31.54,89.89,498.38,80.41,134.2,28.86,5.55,FERTIGATE
16.18,34.39,16.28,85.32,551.27,15.83,66.23,53.62,6.82,IRRIGATE
60.95,26.21,17.05,70.93,942.04,162.67,126.19,56.09,7.51,DO_NOTHING
34.16,15.31,37.93,90.93,755.56,62.44,45.24,103.99,7.53,IRRIGATE
21.22,34.0,23.57,81.6,1020.27,102.64,61.11,164.4,6.58,IRRIGATE
61.33,29.33,19.98,84.14,295.78,206.12,45.08,152.1,5.94,DO_NOTHING
33.83,22.13,35.45,63.98,982.95,78.01,106.88,155.53,5.59,IRRIGATE
40.04,26.1,25.25,47.55,786.42,59.25,109.31,188.31,6.67,DO_NOTHING
55.86,16.59,38.48,44.98,715.05,215.72,93.37,150.45,6.36,DO_NOTHING
14.53,33.34,16.91,74.05,122.92,191.77,32.07,112.57,6.75,IRRIGATE
44.32,22.84,28.16,46.8,538.12,88.58,89.27,62.83,7.77,DO_NOTHING
47.57,19.47,28.4,85.65,121.81,154.31,86.72,50.52,7.33,DO_NOTHING
37.67,21.76,37.53,69.7,998.26,144.13,113.71,170.56,5.34,DO_NOTHING
68.2,29.12,17.81,60.6,182.46,165.87,86.51,191.64,5.68,WAIT
55.45,19.87,31.97,75.59,822.3,182.09,129.5,33.91,6.09,FERTIGATE
61.53,26.47,20.96,63.69,507.44,94.96,123.37,93.37,5.27,DO_NOTHING
14.35,34.69,40.98,73.19,464.37,207.41,102.79,171.98,7.19,IRRIGATE
38.44,26.01,20.84,45.44,878.13,198.27,111.42,103.73,5.42,DO_NOTHING
14.27,23.61,28.06,67.64,106.49,217.89,60.95,172.66,6.59,IRRIGATE
19.78,33.34,34.46,61.92,614.55,32.93,101.82,184.02,5.44,IRRIGATE
29.76,35.75,23.39,70.78,634.82,137.25,68.21,74.0,5.33,IRRIGATE
65.82,32.16,33.44,70.05,343.72,19.58,123.22,108.4,6.0,FERTIGATE
17.64,16.44,25.07,81.33,1018.72,198.83,138.8,183.39,6.57,IRRIGATE
26.46,33.36,21.56,43.7,333.25,120.57,55.06,47.75,6.38,IRRIGATE
75.54,28.12,38.84,38.71,266.97,132.99,74.87,138.83,7.27,WAIT
66.35,36.67,26.35,39.45,650.91,37.7,50.44,57.42,6.23,WAIT
18.34,15.73,33.08,67.72,808.36,150.38,26.0,72.39,5.54,IRRIGATE
73.22,32.18,21.24,48.89,1066.61,136.8,122.16,67.63,5.75,WAIT
68.79,30.78,33.71,63.68,663.58,165.82,47.8,83.5,7.47,WAIT
33.16,27.57,34.27,94.99,535.29,102.76,127.96,164.99,7.1,IRRIGATE
44.74,22.45,31.83,86.34,983.78,37.24,69.97,103.65,7.74,WAIT
60.85,24.37,16.68,64.58,196.08,186.06,115.35,102.89,6.32,DO_NOTHING
77.3,21.63,22.47,90.74,909.25,183.23,37.33,45.79,5.27,WAIT
27.78,32.81,22.24,76.04,351.91,96.03,147.64,64.07,6.18,IRRIGATE
32.58,17.52,28.74,51.51,794.89,182.61,86.19,25.8,6.81,IRRIGATE
14.15,29.18,33.81,38.84,919.35,201.77,123.83,74.92,6.73,IRRIGATE
78.61,22.38,37.32,25.66,103.65,170.74,116.6,162.02,7.62,WAIT
18.84,20.34,39.5,37.41,782.23,123.74,21.65,71.35,6.55,IRRIGATE
73.93,31.27,32.17,59.72,398.68,39.45,67.27,25.13,5.75,WAIT
42.44,24.63,17.15,66.23,649.68,31.01,142.04,37.89,7.42,FERTIGATE
10.02,35.29,16.51,78.05,461.69,166.33,66.24,32.76,7.2,IRRIGATE
15.34,36.21,17.33,58.55,823.03,95.62,40.41,156.64,7.24,IRRIGATE
79.2,23.65,29.16,50.42,357.08,168.96,57.55,97.07,6.25,WAIT
63.45,36.11,33.34,58.01,879.21,146.4,18.49,37.22,5.3,WAIT
44.26,33.99,24.14,51.89,1009.48,186.57,103.11,68.02,5.5,DO_NOTHING
11.2,17.46,23.61,63.63,164.0,42.93,35.35,133.76,6.8,IRRIGATE
51.31,20.76,25.65,31.77,326.46,199.03,147.16,136.58,7.58,DO_NOTHING
58.21,15.76,41.92,31.93,782.64,66.83,64.88,136.27,6.33,DO_NOTHING
28.79,22.69,24.88,92.15,898.61,109.0,37.97,165.98,5.61,IRRIGATE
25.78,23.42,38.89,34.23,222.23,116.26,48.7,122.37,6.37,IRRIGATE
42.62,17.58,19.67,82.48,985.88,63.11,25.88,29.62,6.78,WAIT
63.65,23.57,33.67,74.91,1035.34,28.3,36.92,32.33,7.46,WAIT
69.44,28.22,18.18,44.13,397.72,129.95,46.13,33.13,7.1,WAIT
32.43,25.4,19.32,81.18,665.53,199.83,79.37,189.46,7.52,IRRIGATE
53.23,36.48,24.4,50.59,145.48,135.79,111.07,159.23,5.59,DO_NOTHING
43.31,19.07,33.22,36.06,1004.16,62.28,50.8,173.16,6.39,DO_NOTHING
11.8,26.38,18.2,93.97,688.11,67.59,88.92,33.84,7.28,IRRIGATE
79.4,35.11,24.89,47.8,135.09,148.54,84.89,102.68,7.56,WAIT
22.59,15.22,17.91,40.64,133.29,118.08,53.97,52.49,7.15,IRRIGATE
25.33,30.81,25.08,60.83,1033.87,22.66,80.04,173.8,6.73,IRRIGATE
30.77,24.15,33.69,87.36,141.07,29.67,55.51,61.9,5.89,IRRIGATE
26.6,19.5,19.4,90.38,244.19,56.9,44.48,187.94,7.16,IRRIGATE
69.23,17.41,37.74,53.57,362.82,133.03,125.11,160.16,7.51,WAIT
79.61,20.48,27.02,26.02,979.32,46.69,130.61,79.29,6.16,WAIT
12.93,22.52,39.1,26.79,506.33,21.44,61.93,51.08,5.86,IRRIGATE
75.82,25.03,23.12,66.25,242.11,68.18,86.47,62.75,6.97,WAIT
46.86,32.76,40.65,33.11,434.67,80.51,31.17,165.85,7.18,DO_NOTHING
46.33,27.37,17.55,63.89,891.34,132.63,47.14,140.16,6.14,DO_NOTHING
50.87,26.21,25.91,75.32,983.88,16.07,140.71,112.07,7.02,WAIT
74.17,25.74,37.71,37.43,259.17,149.78,131.82,180.64,6.87,WAIT
49.41,22.62,41.48,47.38,844.19,124.06,95.19,90.83,7.71,DO_NOTHING
52.88,36.57,16.2,65.09,817.19,167.74,136.7,20.79,5.2,WAIT
45.42,15.67,41.34,40.54,572.66,27.53,83.09,88.39,5.32,WAIT
35.13,24.0,41.74,39.55,644.78,217.4,120.88,198.81,7.72,DO_NOTHING
46.72,31.02,18.87,55.88,909.02,118.59,108.38,154.24,5.86,DO_NOTHING
75.68,25.58,21.46,85.58,517.82,168.81,86.72,88.74,7.31,WAIT
53.84,23.98,18.85,87.68,135.47,191.95,60.39,135.08,7.6,DO_NOTHING
21.38,28.04,35.88,78.03,625.63,143.07,116.05,171.38,7.18,IRRIGATE
36.55,37.92,27.3,26.71,462.62,41.2,27.0,70.68,5.34,WAIT
61.64,16.7,21.29,31.5,163.17,69.89,90.07,193.64,7.48,DO_NOTHING
75.7,19.05,22.89,30.35,878.47,29.31,87.94,64.62,5.83,WAIT
84.3,32.41,37.76,65.04,971.01,147.33,142.46,70.64,6.75,WAIT
61.76,24.04,38.87,93.59,593.77,95.08,76.07,173.49,6.88,DO_NOTHING
13.36,27.47,16.45,79.5,428.31,111.76,121.81,28.36,5.61,IRRIGATE
39.85,20.29,24.79,94.87,925.41,196.2,141.19,81.37,5.97,DO_NOTHING
27.55,34.09,33.67,41.53,476.99,118.88,83.94,179.97,6.19,IRRIGATE
78.14,25.15,35.41,90.12,1007.58,26.68,38.8,105.84,6.32,WAIT
58.07,36.73,18.92,56.63,292.41,198.29,145.04,106.17,5.47,DO_NOTHING
68.9,31.03,25.22,87.12,1075.83,129.36,89.2,73.55,6.72,WAIT
42.97,21.95,17.75,42.69,297.85,126.12,94.23,129.54,6.21,DO_NOTHING
41.59,34.19,28.38,94.14,539.62,148.16,17.05,137.6,7.41,FERTIGATE
80.68,37.94,23.34,65.28,550.72,130.58,32.04,174.11,7.56,WAIT
43.72,21.45,19.66,72.86,412.23,201.46,103.94,136.22,6.65,DO_NOTHING
13.43,36.43,32.33,94.58,637.36,160.57,17.87,133.71,7.19,IRRIGATE
68.39,32.71,21.88,93.28,1095.18,30.5,141.1,72.1,6.99,WAIT
35.36,37.26,18.64,59.84,528.05,81.83,100.37,43.59,7.06,DO_NOTHING
83.54,33.5,38.36,50.17,424.89,120.99,16.4,190.16,5.57,WAIT
77.73,16.92,37.39,35.64,138.13,162.5,49.24,148.61,6.64,WAIT
18.16,36.44,27.76,76.41,601.02,138.89,52.39,56.06,6.61,IRRIGATE
43.02,23.97,33.49,73.34,145.92,84.44,67.65,37.44,5.81,FERTIGATE
13.87,37.91,35.15,31.12,120.25,162.45,71.49,161.62,7.6,IRRIGATE
54.95,19.3,36.34,91.91,680.23,154.81,57.25,88.67,7.11,DO_NOTHING
79.58,29.47,36.54,37.01,311.96,124.07,34.72,134.3,5.96,WAIT
69.36,33.59,28.06,37.66,746.77,218.52,97.16,26.44,5.24,WAIT
34.03,19.5,37.14,84.14,358.62,81.76,43.07,183.51,6.51,IRRIGATE
59.21,24.56,32.41,52.01,439.68,145.07,92.75,72.84,5.59,DO_NOTHING
37.64,24.55,32.35,89.02,136.18,64.95,37.12,110.41,6.32,DO_NOTHING
64.68,20.58,31.46,86.87,1010.68,211.55,118.26,183.08,5.81,DO_NOTHING
24.82,15.15,34.38,90.62,286.94,145.57,114.5,186.97,6.88,IRRIGATE
82.77,22.93,25.1,63.01,483.5,15.29,112.45,155.31,7.14,WAIT
35.88,27.01,25.36,26.12,662.45,40.37,21.21,155.99,5.22,WAIT
81.93,26.85,41.56,29.06,683.53,86.61,128.09,85.02,5.88,WAIT
74.32,23.62,16.44,52.32,754.52,67.14,70.48,30.21,6.73,WAIT
66.72,24.51,26.93,31.18,301.94,46.71,77.44,115.27,7.67,WAIT
15.49,28.8,29.69,61.14,973.16,57.14,15.71,141.01,6.1,IRRIGATE
11.32,20.78,24.04,68.18,272.59,99.68,77.55,102.66,7.73,IRRIGATE
13.41,36.87,31.13,80.7,530.39,108.04,133.11,181.27,5.82,IRRIGATE
24.94,26.41,39.41,47.56,752.01,160.17,119.01,121.51,6.25,IRRIGATE
82.53,29.06,34.94,49.15,769.95,67.85,44.31,148.65,6.56,WAIT
61.25,21.2,31.57,56.08,696.96,74.63,110.16,165.07,5.88,DO_NOTHING
32.55,30.21,34.09,74.29,782.7,95.53,65.28,65.87,5.61,IRRIGATE
61.94,17.14,40.38,82.87,957.51,200.87,67.2,172.41,5.61,DO_NOTHING
11.62,33.05,17.94,94.2,774.8,169.46,44.41,141.3,5.31,IRRIGATE
72.84,18.9,34.13,40.71,168.45,113.71,33.7,151.3,5.82,WAIT
35.69,28.05,23.41,51.46,915.62,51.74,21.51,79.1,6.3,FERTIGATE
50.7,23.57,36.54,27.75,531.77,93.36,100.66,193.93,6.53,DO_NOTHING
84.02,21.95,16.8,36.6,495.12,79.85,23.59,97.88,6.08,WAIT
19.2,21.81,39.05,46.14,813.96,140.47,69.81,63.02,6.16,IRRIGATE
54.41,23.07,21.59,33.15,979.77,105.26,97.53,108.27,7.47,DO_NOTHING
51.02,26.06,40.04,75.38,211.55,51.43,120.2,170.45,6.62,DO_NOTHING
51.58,29.53,27.42,72.61,208.48,212.06,115.02,133.61,6.02,DO_NOTHING
22.07,24.41,33.2,69.36,482.64,140.72,123.92,24.73,6.37,IRRIGATE
66.89,27.56,32.94,61.17,1091.87,26.2,78.75,36.45,5.62,WAIT
38.73,18.58,41.06,91.28,436.11,146.15,84.73,166.81,6.83,DO_NOTHING
10.02,32.55,35.42,60.68,1002.92,201.23,83.35,129.44,7.79,IRRIGATE
32.41,22.47,20.75,87.71,844.49,36.66,147.45,151.57,7.41,IRRIGATE
13.61,26.61,34.16,63.01,766.65,182.66,62.41,172.76,5.62,IRRIGATE
30.32,16.0,25.48,51.59,905.27,148.89,71.14,137.38,5.34,IRRIGATE
23.52,29.42,32.68,79.19,503.0,163.12,105.76,193.41,5.76,IRRIGATE
51.38,28.84,41.96,39.08,623.22,85.97,83.63,61.78,5.32,DO_NOTHING
52.94,22.72,20.73,47.68,149.28,209.84,91.36,166.66,6.3,DO_NOTHING
77.75,26.12,30.92,59.43,833.28,131.16,48.02,46.2,6.78,WAIT
46.69,17.21,26.29,61.03,926.89,30.6,58.79,168.08,6.89,FERTIGATE
31.75,34.44,28.83,59.88,1076.59,209.16,60.19,45.3,6.05,IRRIGATE
12.29,15.48,26.28,90.87,971.36,119.85,89.13,21.07,5.76,IRRIGATE
11.86,32.35,19.79,85.83,743.32,62.03,32.08,132.97,7.54,IRRIGATE
63.88,23.02,31.27,46.75,1099.15,168.51,96.01,96.19,6.81,DO_NOTHING
35.62,15.66,26.27,90.13,726.3,32.21,133.9,68.4,5.83,FERTIGATE
32.28,28.28,30.16,59.4,817.54,79.89,119.49,51.56,7.23,IRRIGATE
59.79,30.71,28.52,71.69,179.8,189.57,17.78,46.77,6.7,FERTIGATE
65.46,16.75,39.94,93.15,705.95,113.65,113.8,79.1,6.48,DO_NOTHING
78.71,36.98,40.1,43.37,332.47,76.02,71.78,76.55,6.17,WAIT
56.55,32.54,35.12,82.01,132.18,24.79,120.51,115.95,6.7,WAIT
13.94,20.87,32.6,85.14,1016.98,117.59,86.37,169.95,6.6,IRRIGATE
48.76,35.82,36.54,88.64,318.25,122.5,127.95,40.01,7.27,DO_NOTHING
23.72,33.59,31.91,38.53,573.35,154.79,98.74,96.9,7.54,IRRIGATE
48.94,26.63,17.62,89.55,277.12,123.31,122.5,58.78,6.57,DO_NOTHING
28.05,32.47,30.67,84.92,994.56,147.99,111.55,118.86,6.2,IRRIGATE
58.61,35.89,26.83,47.01,488.44,104.26,20.3,109.72,6.49,FERTIGATE
54.13,23.34,31.94,86.48,1055.47,134.64,15.96,194.46,7.04,WAIT
35.2,18.38,19.73,36.74,145.57,199.94,85.71,145.99,7.35,DO_NOTHING
69.37,35.3,41.15,55.73,1050.34,163.27,19.89,142.72,6.99,WAIT
77.94,23.58,31.21,25.85,432.08,27.76,83.06,167.14,5.74,WAIT
49.56,19.69,19.14,60.77,179.15,135.41,14.39,39.21,6.63,FERTIGATE
54.36,15.67,30.91,83.7,822.32,41.89,92.95,141.01,5.3,WAIT
74.15,35.84,38.11,82.72,844.97,144.85,105.01,165.15,6.92,WAIT
34.58,23.65,39.32,26.2,798.82,210.73,108.87,198.9,6.99,IRRIGATE
12.58,34.02,23.4,56.22,412.09,70.05,70.4,88.18,6.85,IRRIGATE
70.99,21.83,21.56,71.68,770.32,199.73,12.23,173.55,6.55,WAIT
56.6,17.1,27.25,40.91,354.23,118.34,123.74,153.88,6.74,DO_NOTHING
50.46,24.83,41.29,64.21,353.97,62.17,95.59,114.11,5.22,DO_NOTHING
72.25,31.19,33.21,29.81,462.06,206.75,130.76,71.4,5.61,WAIT
43.68,23.18,33.74,92.65,463.0,27.76,135.67,26.83,7.68,WAIT
59.84,36.66,21.19,27.85,588.21,107.38,56.41,192.38,7.34,DO_NOTHING
59.62,18.75,35.09,75.89,525.07,204.58,33.38,68.12,5.36,DO_NOTHING
69.66,29.3,24.19,36.47,140.15,49.18,73.46,64.49,5.87,WAIT
75.67,26.85,34.96,27.5,465.16,113.23,36.1,41.63,7.46,WAIT
80.46,16.81,25.07,92.08,183.16,146.95,146.11,196.08,6.43,WAIT
22.21,19.65,39.13,88.82,707.88,172.07,113.59,139.13,7.35,IRRIGATE
61.41,27.28,22.16,77.07,573.44,75.43,122.27,145.41,7.64,DO_NOTHING
22.41,29.93,22.35,88.25,199.5,149.51,120.75,83.89,7.68,IRRIGATE
73.8,21.78,16.2,45.77,381.31,197.44,145.4,32.68,6.43,WAIT
51.12,17.14,25.81,47.2,636.06,150.54,108.49,44.62,7.31,DO_NOTHING
60.89,35.45,27.68,87.57,965.77,104.87,63.36,187.91,7.06,DO_NOTHING
79.62,33.33,31.84,33.11,391.48,213.61,54.72,36.79,7.04,WAIT
65.05,21.57,23.74,57.82,121.79,176.81,54.39,173.68,7.29,DO_NOTHING
59.61,22.47,29.42,56.14,438.88,188.87,77.69,169.89,5.47,DO_NOTHING
20.58,37.48,31.28,60.68,623.16,59.13,110.62,35.26,6.69,IRRIGATE
52.81,36.03,29.68,34.59,672.75,33.72,38.53,25.6,6.53,WAIT
16.34,25.8,40.26,75.38,177.41,60.96,104.31,181.05,5.29,IRRIGATE
70.93,27.92,30.2,92.05,847.64,189.27,59.56,119.79,6.8,WAIT
34.12,28.12,22.15,35.04,473.97,166.55,138.27,102.39,6.87,IRRIGATE
17.73,35.8,30.78,79.62,894.44,67.58,84.08,192.89,5.43,IRRIGATE
61.23,37.13,23.82,85.3,1033.66,168.15,42.39,80.12,5.29,DO_NOTHING
72.36,34.54,32.45,49.68,176.81,169.38,111.71,184.27,7.1,WAIT
72.15,32.16,32.4,54.89,1002.12,148.45,65.77,35.02,5.96,WAIT
50.78,21.34,21.75,61.92,269.82,179.08,77.81,123.3,5.58,DO_NOTHING
34.34,24.43,37.01,78.91,322.98,141.32,44.08,197.88,7.68,IRRIGATE
52.24,31.07,36.84,75.47,799.83,211.5,93.5,134.53,7.41,DO_NOTHING
60.24,31.86,22.09,50.99,247.3,118.68,73.8,199.49,6.79,DO_NOTHING
68.98,22.68,37.62,68.06,796.99,75.36,86.81,134.13,6.73,WAIT
78.64,35.66,41.25,71.72,1071.91,185.66,47.92,96.94,5.82,WAIT
10.31,19.33,16.11,75.39,525.53,79.08,116.64,169.85,7.74,IRRIGATE
58.15,25.62,23.94,40.56,312.93,98.88,148.85,20.15,5.71,FERTIGATE
24.13,31.49,25.16,57.01,248.62,98.02,24.45,115.95,5.45,IRRIGATE
69.29,28.03,34.82,54.3,481.49,35.13,83.34,112.61,6.42,WAIT
65.54,34.15,35.52,35.07,722.06,31.47,107.25,88.73,5.54,WAIT
74.65,29.12,25.22,27.15,637.31,204.26,93.49,194.9,5.55,WAIT
52.62,33.36,29.66,31.37,682.89,140.41,112.02,157.02,7.2,DO_NOTHING
59.76,19.96,26.51,79.33,1053.43,31.18,84.98,76.25,5.79,WAIT
47.94,28.94,16.25,79.61,919.88,212.93,35.29,127.02,6.31,DO_NOTHING
35.11,28.01,36.34,26.61,1069.4,181.03,115.16,156.87,6.21,DO_NOTHING
66.37,23.9,39.37,37.41,392.35,128.02,54.69,96.36,6.48,DO_NOTHING
74.23,27.03,25.42,42.34,508.68,120.73,114.46,41.79,5.78,WAIT
38.47,23.29,26.19,80.55,424.15,117.89,97.35,61.79,7.07,DO_NOTHING
51.03,25.28,37.05,42.04,983.18,130.01,95.28,177.51,7.33,DO_NOTHING
55.12,32.32,27.27,63.32,162.07,33.42,126.12,30.74,5.64,FERTIGATE
69.69,15.03,23.34,65.88,695.45,174.32,80.83,111.69,7.09,WAIT
47.4,29.0,39.34,53.1,485.13,15.73,95.88,25.36,6.51,WAIT
70.32,27.65,23.01,80.03,369.72,165.27,95.44,50.6,7.55,WAIT
25.05,37.76,16.19,43.44,299.86,17.87,112.53,144.82,7.26,IRRIGATE
29.25,25.22,33.14,55.78,797.33,144.96,26.05,160.59,7.07,IRRIGATE
59.19,18.57,22.97,52.52,379.93,61.7,122.75,134.88,6.67,DO_NOTHING
26.95,36.12,20.97,80.65,1066.67,164.05,149.0,137.19,5.77,IRRIGATE
25.29,22.46,16.19,72.72,368.67,182.11,60.28,106.39,7.71,IRRIGATE
28.16,31.59,35.63,40.47,601.0,86.79,118.07,132.05,6.44,IRRIGATE
68.45,20.41,35.59,85.58,978.62,175.65,67.12,196.73,6.19,WAIT
57.9,18.7,41.49,74.28,853.38,28.48,116.88,159.45,6.95,WAIT
31.89,26.26,18.87,58.01,343.82,86.56,32.76,61.41,5.4,IRRIGATE
78.99,27.2,26.32,62.45,728.29,203.99,35.02,73.2,7.74,WAIT
37.84,15.52,19.84,26.84,1089.92,72.17,139.3,199.26,6.76,DO_NOTHING
12.49,16.88,28.52,53.43,706.18,104.96,140.77,116.25,7.0,IRRIGATE
77.24,18.38,21.97,32.51,239.64,120.08,54.97,96.17,7.75,WAIT
21.75,27.44,18.57,47.29,627.53,209.06,64.77,31.68,6.21,IRRIGATE
20.93,20.29,32.07,29.72,564.72,139.94,69.06,23.44,7.76,IRRIGATE
37.53,32.91,24.47,58.25,488.46,85.22,13.06,84.8,7.51,WAIT
61.78,18.34,31.37,87.46,800.03,45.48,131.5,74.28,6.38,FERTIGATE
49.46,34.56,40.22,90.08,107.95,203.99,17.61,67.84,6.54,WAIT
45.99,28.91,28.47,90.41,340.55,71.18,138.9,33.81,6.78,FERTIGATE
61.13,26.63,34.05,37.09,952.63,43.71,66.11,33.55,6.62,WAIT
60.23,36.65,35.22,62.88,1032.62,113.08,88.57,127.3,6.27,DO_NOTHING
72.89,19.26,30.43,75.56,1003.98,196.2,81.22,135.77,6.23,WAIT
45.11,35.84,40.2,87.68,238.37,189.27,142.77,85.02,6.55,DO_NOTHING
68.43,27.93,41.83,56.9,813.94,177.48,79.17,174.26,6.62,WAIT
40.87,17.48,26.23,76.38,1021.29,66.59,59.73,47.71,7.0,DO_NOTHING
82.01,29.74,32.04,63.74,188.46,164.55,94.29,139.07,7.54,WAIT
68.8,32.96,40.11,94.3,681.28,37.32,74.28,161.77,5.27,WAIT
14.27,16.54,35.01,60.08,468.9,36.65,112.51,77.78,5.89,IRRIGATE
58.92,27.86,25.42,69.9,371.22,177.94,42.1,48.59,7.23,DO_NOTHING
63.09,19.2,19.02,83.69,876.6,82.09,102.15,42.35,6.52,DO_NOTHING
11.4,24.01,17.95,58.26,521.68,106.1,16.35,85.09,7.17,IRRIGATE
37.67,31.45,25.61,54.63,663.89,209.89,25.24,25.92,6.78,FERTIGATE
81.18,37.76,28.59,57.77,744.96,128.91,98.77,177.32,7.14,WAIT
47.27,25.62,32.63,56.9,557.78,18.34,34.37,107.93,7.34,FERTIGATE
30.9,27.02,24.97,32.34,1058.3,190.21,20.99,149.56,6.1,IRRIGATE
84.61,21.96,22.21,64.75,935.13,54.47,109.32,31.05,7.59,WAIT
16.08,36.03,28.76,56.37,1073.31,218.03,101.02,42.88,6.52,IRRIGATE
49.69,26.83,30.81,26.31,811.23,161.04,26.17,122.64,6.68,WAIT
61.18,16.96,32.29,44.65,607.0,173.53,108.79,41.4,6.74,DO_NOTHING
82.68,18.61,38.18,74.18,874.0,72.8,50.3,183.08,6.14,WAIT
14.73,28.81,19.25,80.76,741.75,194.32,119.88,40.18,6.19,IRRIGATE
68.09,24.6,41.28,76.5,115.5,195.4,24.11,45.29,7.11,WAIT
74.87,27.34,23.52,49.59,442.89,81.97,44.01,129.6,7.54,WAIT
33.03,19.29,37.8,76.92,1030.84,48.93,30.2,117.46,6.8,IRRIGATE
46.01,28.78,20.69,58.57,758.09,103.7,105.12,101.21,6.07,DO_NOTHING
32.77,24.45,16.6,71.8,945.11,87.7,16.44,197.62,5.89,IRRIGATE
19.5,23.5,35.2,45.57,674.7,100.19,26.49,79.45,7.08,IRRIGATE
55.9,17.75,20.25,69.85,913.42,86.64,93.34,50.72,6.01,DO_NOTHING
11.52,32.67,26.43,82.13,808.37,184.89,49.99,53.32,7.73,IRRIGATE
63.8,34.18,16.34,49.81,842.82,30.99,89.43,97.23,5.25,WAIT
27.7,21.55,18.91,69.21,342.4,71.91,135.75,104.08,6.22,IRRIGATE
64.29,35.92,16.65,56.38,710.78,80.31,118.14,194.87,7.65,DO_NOTHING
29.95,20.21,40.89,57.1,308.3,159.93,49.82,68.1,7.49,IRRIGATE
22.19,16.48,23.0,67.49,223.09,111.68,97.83,172.77,5.8,IRRIGATE
71.3,20.4,33.6,55.15,214.68,161.42,40.49,51.79,6.13,WAIT
59.0,20.38,20.78,25.7,571.64,102.87,42.74,29.66,6.32,WAIT
69.12,31.45,38.38,25.67,1066.42,84.99,148.66,65.47,6.43,WAIT
36.54,23.18,37.9,77.25,1092.15,140.77,74.86,36.21,7.79,WAIT
51.36,31.11,26.58,63.34,1042.58,49.12,50.93,47.37,7.26,WAIT
14.65,16.88,23.76,60.99,506.27,24.19,144.05,191.52,5.93,IRRIGATE
64.86,28.31,22.17,43.35,591.15,100.94,50.77,165.35,6.45,DO_NOTHING
59.11,19.35,29.87,47.26,626.41,175.07,117.65,83.76,7.01,DO_NOTHING
80.6,29.39,19.86,72.58,204.9,193.78,82.33,89.33,5.35,WAIT
38.56,35.77,16.55,58.23,1031.16,95.94,69.94,124.14,6.4,DO_NOTHING
22.65,15.43,31.86,89.46,206.36,58.25,61.83,165.57,5.9,IRRIGATE
76.15,16.26,40.46,64.25,758.78,90.38,119.48,49.98,5.33,WAIT
39.66,34.64,35.63,61.2,672.14,41.63,127.7,161.65,6.91,WAIT
44.96,37.18,38.85,70.11,471.8,141.69,90.56,90.96,6.0,DO_NOTHING
40.53,28.2,27.13,43.45,860.96,123.95,19.47,86.3,7.5,WAIT
66.64,22.43,40.39,30.36,1061.23,65.37,11.27,98.09,6.13,WAIT
50.43,33.33,37.9,53.09,529.85,45.38,16.66,135.42,5.37,WAIT
65.04,27.4,21.16,62.77,283.0,104.94,121.94,103.15,5.59,DO_NOTHING
64.29,19.3,35.2,58.55,553.74,189.54,109.2,25.92,5.97,WAIT
75.32,15.42,30.18,75.95,721.86,170.91,111.6,144.57,7.34,WAIT
